file_path,Int1_avg_HH_dist,Int1_avg_OO_dist,Int1_avg_OH_dist,Int1_avg_HO_dist,Int1_count_HH,Int1_count_OO,Int1_count_OH,Int1_count_HO,Int1_sum_of_count,Int2_avg_HH_dist,Int2_avg_OO_dist,Int2_avg_OH_dist,Int2_avg_HO_dist,Int2_count_HH,Int2_count_OO,Int2_count_OH,Int2_count_HO,Int2_sum_of_count,Int3_avg_HH_dist,Int3_avg_OO_dist,Int3_avg_OH_dist,Int3_avg_HO_dist,Int3_count_HH,Int3_count_OO,Int3_count_OH,Int3_count_HO,Int3_sum_of_count
D:\New folder\project\results\4_layer\lower\r0\t6.0\t6.0_100_grid3.cif,2.3481851142282952,2.4455685161815475,2.3908296908151607,2.3948321657661658,5,4,7,7,23,2.333137078413946,2.9678618352499484,2.076588259162865,2.2801630739909102,7,8,10,12,37,2.3615193635100433,2.590153664183008,2.4008472087347226,2.3359801806104863,1,4,6,10,21
D:\New folder\project\results\4_layer\lower\r0\t6.0\t6.0_100_grid5.cif,2.402771149318705,2.8490834252925814,1.8970792889177601,2.470871567314615,6,5,4,10,25,2.4418254624713454,2.584065518710239,2.0861343231590586,2.003505723276749,4,4,4,14,26,2.3189779082498942,2.590153664183008,2.3199571630958427,2.6436358668206674,4,4,8,5,21
D:\New folder\project\results\4_layer\lower\r0\t6.0\t6.0_200_grid3.cif,2.2398096498071265,2.441763413532365,2.4665424072566973,2.3987968012654943,8,4,8,7,27,2.2639409497182954,2.8078546060352343,2.1663531893696253,2.308410365791132,8,8,12,10,38,2.3177150720924224,2.590153664183008,2.6185019851617715,2.2129897085631227,2,4,2,11,19
D:\New folder\project\results\4_layer\lower\r0\t6.0\t6.0_220_grid0.cif,2.345969910127474,2.4740586121937382,2.4119922303731336,2.4480211163560632,9,10,16,14,49,2.290000767828113,3.013963244131987,2.617782219605606,2.2316032557035195,6,2,4,2,14,2.1290898795161217,2.9074787474867345,3.0,1.7430291412489005,8,3,0,7,18
D:\New folder\project\results\4_layer\lower\r0\t6.0\t6.0_220_grid3.cif,2.3020910623003514,2.441763413532365,2.352032565213841,2.453285009881028,7,4,8,6,25,2.2639409497182954,2.9678618352499484,2.08394215492571,2.2801630739909102,8,8,10,12,38,2.3615193635100433,2.590153664183008,2.3786058894300153,2.3359801806104863,1,4,5,10,20
D:\New folder\project\results\4_layer\lower\r0\t6.0\t6.0_220_grid5.cif,2.3481851142282952,2.441763413532365,2.352032565213841,2.453285009881028,5,4,8,6,23,2.2639409497182954,2.9678618352499484,2.08394215492571,2.2801630739909102,8,8,10,12,38,2.3615193635100433,2.590153664183008,2.3786058894300153,2.3359801806104863,1,4,5,10,20
D:\New folder\project\results\4_layer\lower\r0\t6.0\t6.0_260_grid3.cif,2.3807781905749184,2.618346759233634,2.442595550040123,2.39732963191464,7,5,6,7,25,2.4306592936157543,2.9036965550132883,1.9528084930114897,2.1375293841500165,5,8,9,12,34,2.3189779082498942,2.590153664183008,2.467766380463294,2.604969769865425,4,4,8,7,23
D:\New folder\project\results\4_layer\lower\r0\t6.0\t6.0_260_grid5.cif,2.3807781905749184,2.8490834252925814,2.625010590978281,2.461536677880077,7,5,4,13,29,2.4418254624713454,2.7303879564157527,2.083633578791416,1.9757102667388426,4,5,5,13,27,2.3189779082498942,2.590153664183008,2.3199571630958427,2.6436358668206674,4,4,8,5,21
D:\New folder\project\results\4_layer\lower\r0\t6.0\t6.0_280_grid3.cif,2.402771149318705,2.8490834252925814,2.4464885838004284,2.4257522532918148,6,5,4,11,26,2.4418254624713454,2.7303879564157527,2.083633578791416,1.9757102667388426,4,5,5,13,27,2.3189779082498942,2.590153664183008,2.3199571630958427,2.6436358668206674,4,4,8,5,21
D:\New folder\project\results\4_layer\lower\r0\t6.0\t6.0_280_grid5.cif,2.4478106491733094,2.8863412847820706,1.8266559168068097,2.410376785548999,4,4,4,6,18,2.3877259001000777,2.584065518710239,2.0227603908477447,2.159027267829502,8,4,4,8,24,2.043143119354271,2.694708956460245,2.1440850236380506,2.3642057441403135,1,3,5,2,11
D:\New folder\project\results\4_layer\lower\r0\t6.0\t6.0_320_grid0.cif,2.191041918772706,2.6068238223899987,2.097135992811545,2.295732679142627,6,13,22,13,54,2.2622145173340216,2.6176141368925747,2.4280046499103807,2.5139243774945004,6,6,8,11,31,2.458835303017448,2.854378717509479,2.2735705598206533,2.2781104226134676,7,8,7,10,32
D:\New folder\project\results\4_layer\lower\r0\t6.0\t6.0_340_grid0.cif,2.3580880914270854,2.574244469450886,2.3908452729965335,2.367321029978892,13,9,14,16,52,2.290000767828113,3.013963244131987,2.617782219605606,2.2316032557035195,6,2,4,2,14,2.1290898795161217,2.9074787474867345,3.0,1.7430291412489005,8,3,0,7,18
D:\New folder\project\results\4_layer\lower\r0\t7.2\t7.2_100_grid2.cif,2.3217775231113382,2.600016958551749,2.1729207214726873,2.2632566614418566,6,10,8,20,44,2.2707542839042447,3.004349516004802,2.6000954436100714,2.2042343766761627,6,2,3,2,13,2.1638331954505556,2.9193811933934684,3.0,2.001579928573494,8,4,0,12,24
D:\New folder\project\results\4_layer\lower\r0\t7.2\t7.2_200_grid2.cif,2.2985051797305847,2.469061194716448,2.3129503324174405,2.490266448066926,10,10,13,11,44,2.2038881946884046,3.0403813719515194,2.574210292086138,2.2001430477359345,7,5,4,7,23,2.1386184977166733,2.9193811933934684,3.0,1.9870575268275494,6,4,0,10,20
D:\New folder\project\results\4_layer\lower\r0\t7.2\t7.2_220_grid0.cif,2.280496746683398,2.469061194716452,2.293970693860965,2.364295920866357,12,10,11,15,48,2.2038881946884046,3.0403813719515194,2.574210292086138,2.2001430477359345,7,5,4,7,23,2.1386184977166733,2.9193811933934684,3.0,1.9870575268275494,6,4,0,10,20
D:\New folder\project\results\4_layer\lower\r0\t7.2\t7.2_220_grid2.cif,2.1936298711133233,2.5817143382240233,2.367106009294258,2.472246124283484,10,11,14,11,46,2.2038881946884046,3.0403813719515194,2.574210292086138,2.2001430477359345,7,5,4,7,23,2.1386184977166733,2.9193811933934684,3.0,1.9870575268275494,6,4,0,10,20
D:\New folder\project\results\4_layer\lower\r0\t7.2\t7.2_280_grid0.cif,2.2746199416209665,2.724666272017372,2.3022313267298284,2.1378888294861027,9,8,4,20,41,2.2707542839042447,3.004349516004802,2.6000954436100714,2.2042343766761627,6,2,3,2,13,2.1638331954505556,2.9193811933934684,3.0,2.001579928573494,8,4,0,12,24
D:\New folder\project\results\4_layer\lower\r60\t9.6\t9.6_340_grid5.cif,2.1727793306288765,2.8032221272651157,2.1126439403657,2.3294040366805095,13,10,11,18,52,2.42321291030858,2.9252056995231164,2.4013976063466282,2.285911502119881,6,3,5,12,26,2.1166634751154265,3.118545160072064,2.4676999481132214,2.101436180296063,4,1,6,2,13
D:\New folder\project\results\4_layer\lower\r80\t1.2\t1.2_80_grid5.cif,2.3198526154147445,3.0,2.2720883225156046,3.0,8,0,15,0,23,2.226373449592377,2.7852416155558837,2.122647476265572,2.2608694979856185,12,13,9,27,61,2.4713784167548654,3.010013049544347,2.3204433779428912,2.6080364782815506,3,4,8,2,17
D:\New folder\project\results\4_layer\lower\r80\t1.2\t1.2_100_grid0.cif,2.2329045813544828,3.1359299406074115,2.0606547581649246,1.9703023576128174,16,2,10,10,38,2.270028337181522,2.8038865619582993,2.211207413827557,2.3051607298927275,14,15,15,18,62,1.7752005120457,2.9008293132379492,2.02981465962607,2.3993365160290683,4,2,2,4,12
D:\New folder\project\results\4_layer\lower\r80\t1.2\t1.2_100_grid2.cif,2.413400004527239,3.0,2.1325867188649545,2.1734954822687644,4,0,2,2,8,2.3327812952456104,2.7660195171138917,2.190384514590223,2.2812373901700935,14,11,6,25,56,1.7794176920800138,2.803158476942992,1.9853881740114274,2.1021074320370836,4,2,2,2,10
D:\New folder\project\results\4_layer\lower\r80\t1.2\t1.2_100_grid5.cif,3.0,3.0,3.0,3.0,0,0,0,0,0,2.176595081604913,2.913389107218291,2.115246063407367,2.2471331485713844,10,15,14,22,61,2.2826089331117743,2.9008293132379492,2.0939830145604574,2.6155072664437475,2,2,2,4,10
D:\New folder\project\results\4_layer\lower\r80\t1.2\t1.2_220_grid0.cif,2.1790402851684094,2.8349847796710113,2.0589931113473097,2.0770228289195565,12,14,14,16,56,2.370668224652732,2.7594387164507483,2.196536583315217,2.1917000404446485,8,11,12,15,46,1.7766460733286953,2.7842776401480314,2.3268549933636913,2.3210431587230573,2,8,8,4,22
D:\New folder\project\results\4_layer\lower\r80\t1.2\t1.2_260_grid0.cif,2.129363814541225,2.775985395433608,2.062112653208064,2.080482164289645,6,12,12,10,40,2.3397524548598936,2.716591622496282,2.335303364531046,2.3743654097343674,8,15,12,20,55,1.7794176920800138,2.803158476942992,1.9853881740114274,2.1021074320370836,4,2,2,2,10
D:\New folder\project\results\4_layer\lower\r80\t1.2\t1.2_260_grid2.cif,2.245479748154722,2.8054447507929834,2.320124133945179,2.3961789276472905,8,5,12,3,28,2.3327812952456104,2.7660195171138917,2.190384514590223,2.2812373901700935,14,11,6,25,56,1.7794176920800138,2.987890367998212,3.0,1.9323629412618955,4,4,0,8,16
D:\New folder\project\results\4_layer\lower\r80\t1.2\t1.2_260_grid5.cif,2.3513035670934865,3.0,2.3500412460556785,3.0,8,0,14,0,22,2.226373449592377,2.852477000322702,2.0577960208689596,2.2663166790215903,12,14,10,26,62,2.4981788510095697,3.010013049544347,2.3802371400040143,2.651927335928421,1,4,5,4,14
D:\New folder\project\results\4_layer\lower\r80\t1.2\t1.2_280_grid0.cif,2.1781301022861603,2.87565180136206,2.7221219058461363,2.1987456123936826,8,2,8,6,24,2.270028337181522,2.8038865619582993,2.211207413827557,2.3051607298927275,14,15,15,18,62,1.7752005120457,2.9008293132379492,2.02981465962607,2.3993365160290683,4,2,2,4,12
D:\New folder\project\results\4_layer\lower\r80\t1.2\t1.2_280_grid1.cif,2.0481851659984156,2.7484030065390774,2.5855939569889306,2.309013917397652,6,4,2,8,20,2.2258311828797255,2.7166657204418008,2.2086170682563466,2.3126494801911277,12,13,12,25,62,2.2826089331117743,2.9008293132379492,2.0939830145604574,2.6155072664437475,2,2,2,4,10
D:\New folder\project\results\4_layer\lower\r80\t1.2\t1.2_280_grid2.cif,3.0,3.0,3.0,3.0,0,0,0,0,0,2.3327812952456104,2.7660195171138917,2.190384514590223,2.2812373901700935,14,11,6,25,56,1.7794176920800138,2.803158476942992,1.9853881740114274,2.1021074320370836,4,2,2,2,10
D:\New folder\project\results\4_layer\lower\r80\t1.2\t1.2_280_grid5.cif,3.0,3.0,3.0,3.0,0,0,0,0,0,2.176595081604913,2.913389107218291,2.115246063407367,2.2471331485713844,10,15,14,22,61,2.2826089331117743,2.9008293132379492,2.0939830145604574,2.6155072664437475,2,2,2,4,10
D:\New folder\project\results\4_layer\lower\r80\t1.2\t1.2_320_grid0.cif,2.2489317396681945,2.776126500658468,2.0410308784180664,2.128525440752508,13,8,15,14,50,2.4224325290544226,2.890871710831344,2.4704273005001722,2.3216866642701497,9,7,8,19,43,2.401673147494563,2.773005179072572,2.0444454654922306,2.2875888192620324,5,4,4,12,25
D:\New folder\project\results\4_layer\lower\r80\t1.2\t1.2_320_grid2.cif,2.333670327560104,2.7887282663659496,2.136124540054776,1.7020404931364173,7,7,17,6,37,2.1868818641712653,2.7898591118661376,2.0560432618358595,2.3301469047711443,10,10,4,27,51,2.401673147494563,2.967613068371525,2.266419030605485,2.3233870471625004,5,6,6,8,25
D:\New folder\project\results\4_layer\lower\r80\t1.2\t1.2_340_grid0.cif,2.348657989443317,2.746346552408936,2.056722300359286,2.037937154155214,9,15,17,18,59,2.4204746748578505,2.8819307142018546,2.3488760974757747,2.2733149503411805,12,9,5,22,48,2.3300034173096136,2.447874624578524,2.3048619943960587,2.5072571901516656,6,4,7,8,25
D:\New folder\project\results\4_layer\lower\r80\t2.4\t2.4_80_grid0.cif,2.251766722498903,3.025441571495415,2.0471663772722124,2.3627473636709544,11,4,11,8,34,2.262542385320467,2.887516854088049,2.082007395224128,2.6207781448625265,2,2,2,4,10,2.4253882762958665,2.8076454394693497,2.268056513042985,2.1793701139938024,6,8,13,13,40
D:\New folder\project\results\4_layer\lower\r80\t2.4\t2.4_80_grid1.cif,2.2376598452796865,3.0,2.0455041130585525,3.0,6,0,12,0,18,2.430207346832349,2.9836067067020897,2.613938397766928,2.0581875326550887,2,4,3,6,15,2.112271005951033,2.991071496405597,2.3590700675994856,2.0857385236076773,4,3,4,5,16
D:\New folder\project\results\4_layer\lower\r80\t2.4\t2.4_80_grid2.cif,2.3368759289796004,2.808648365006668,1.9290451253361602,1.924211371173776,3,7,10,7,27,2.361094498115488,2.9495758879238214,2.2562548555019077,1.8610821473120285,4,6,6,4,20,2.353036788927494,2.991071496405597,1.7806297371850723,3.0,4,3,8,0,15
D:\New folder\project\results\4_layer\lower\r80\t2.4\t2.4_80_grid5.cif,2.1026817918448386,2.8391843588932506,1.9245300629797015,1.815861962196172,4,9,10,8,31,2.394810638285404,2.7738754816465594,2.0514095099193637,2.386517681007533,6,4,4,6,20,2.322851408966175,2.8488313414691078,1.9575547519263825,2.2011921860709887,6,10,10,14,40
D:\New folder\project\results\4_layer\lower\r80\t2.4\t2.4_100_grid0.cif,2.1914129696882854,2.887516854088049,2.082007395224128,2.6207781448625265,4,2,2,4,12,2.2816556029104587,2.5742553242105446,2.1656209761914167,2.2631777178352697,13,9,13,17,52,2.0833073192048444,2.6725609361140177,3.0,2.5575535599111863,2,2,0,2,6
D:\New folder\project\results\4_layer\lower\r80\t2.4\t2.4_100_grid1.cif,2.299038159483833,3.0882681228352347,2.219281574092989,3.0,6,2,10,0,18,2.430207346832349,2.9836067067020897,2.613938397766928,2.0581875326550887,2,4,3,6,15,1.7718275709780298,2.991071496405597,3.0,2.0857385236076773,2,3,0,5,10
D:\New folder\project\results\4_layer\lower\r80\t2.4\t2.4_100_grid4.cif,2.2909337802936838,2.782814742392489,1.8308761974705317,2.079832683716668,4,6,13,2,25,2.452714440924032,2.9495758879238214,2.4099501195411226,2.1149090726070714,2,6,6,6,20,2.353868881791508,2.7344452900145186,2.2325308649224334,1.9170094174243615,4,4,6,16,30
D:\New folder\project\results\4_layer\lower\r80\t2.4\t2.4_100_grid5.cif,2.246817222794677,2.782814742392489,1.956416644106402,2.218276966084034,3,6,13,3,25,2.452714440924032,2.9836067067020897,2.317285027442718,2.6225629231971577,2,4,8,2,16,2.35531716695564,2.8488313414691078,1.9371210021211005,2.260899460818548,8,10,8,16,42
D:\New folder\project\results\4_layer\lower\r80\t2.4\t2.4_200_grid0.cif,2.246817222794677,2.6934272687372847,1.9589247982173887,2.0753791400039936,3,4,14,7,28,2.430207346832349,2.9836067067020897,2.613938397766928,2.0581875326550887,2,4,3,6,15,2.4367294700777,2.6989577553474677,2.2463910252934616,2.048754799026543,8,10,10,18,46
D:\New folder\project\results\4_layer\lower\r80\t2.4\t2.4_200_grid4.cif,2.1026817918448386,2.971381010365718,2.0568178970643713,2.2477521881829103,4,8,6,14,32,2.1954502735917094,2.451430709893626,2.306364785140687,2.3384245122868745,8,4,9,5,26,2.1711502676726635,2.4906202050513566,2.4618792300072316,2.325903182633758,6,6,8,12,32
D:\New folder\project\results\4_layer\lower\r80\t2.4\t2.4_200_grid5.cif,2.2256396537885514,2.7160390271121457,2.046957492880189,2.2569736720472156,6,6,4,14,30,2.2907434810926257,2.4906202050513637,2.2505590597862546,2.394556109498749,6,6,6,7,25,2.367574775016566,2.7467291474134505,2.0581591611709507,2.2148516875074673,9,6,4,16,35
D:\New folder\project\results\4_layer\lower\r80\t2.4\t2.4_220_grid0.cif,2.22599972456293,2.9499542038383075,2.192819715132998,2.2962592679658465,9,6,9,17,41,2.4575079371443,2.9606121055435133,2.5200232379245744,2.1513347976418857,4,6,4,14,28,2.3725995906122637,2.6520593825141745,1.908237266058181,2.2368959026957325,6,9,14,6,35
D:\New folder\project\results\4_layer\lower\r80\t2.4\t2.4_220_grid4.cif,2.2043000111804587,2.679528387895879,2.0979465860520428,2.130891732386942,10,14,18,12,54,2.262542385320467,2.887516854088049,2.082007395224128,2.6207781448625265,2,2,2,4,10,2.0833073192048444,2.6725609361140177,3.0,2.5575535599111863,2,2,0,2,6
D:\New folder\project\results\4_layer\lower\r80\t2.4\t2.4_220_grid5.cif,2.2183554937575467,2.709421814423133,2.110624681095179,2.239232953992697,10,9,7,24,50,2.4508813622541643,2.9836067067020897,2.613938397766928,2.071364059928693,4,4,3,10,21,2.3725995906122637,2.6520593825141745,1.908237266058181,2.2368959026957325,6,9,14,6,35
D:\New folder\project\results\4_layer\lower\r80\t2.4\t2.4_260_grid0.cif,2.2841377321732237,3.057245985527759,2.0417071480829696,2.6938712909427855,10,4,14,3,31,2.262542385320467,2.887516854088049,2.082007395224128,2.6207781448625265,2,2,2,4,10,2.4253882762958665,2.8076454394693497,2.268056513042985,2.1793701139938024,6,8,13,13,40
D:\New folder\project\results\4_layer\lower\r80\t2.4\t2.4_260_grid1.cif,2.2994785194944063,3.0,2.142285569288137,2.545550085509667,4,0,11,2,17,2.430207346832349,2.9836067067020897,2.613938397766928,2.0581875326550887,2,4,3,6,15,1.9975527288874524,2.991071496405597,2.359788103361541,2.0857385236076773,3,3,2,5,13
D:\New folder\project\results\4_layer\lower\r80\t2.4\t2.4_260_grid4.cif,2.3894336423656832,2.8661242734073973,1.994354795480187,2.0212785374361735,4,11,11,23,49,2.262542385320467,2.887516854088049,2.082007395224128,2.6207781448625265,2,2,2,4,10,2.0833073192048444,2.6725609361140177,3.0,2.5575535599111863,2,2,0,2,6
D:\New folder\project\results\4_layer\lower\r80\t2.4\t2.4_260_grid5.cif,2.174697213682363,2.943263506099613,1.966202168124733,2.283610361445498,10,8,14,12,44,2.450881362254159,2.984855767375077,2.3992436812604296,2.204541181115521,4,6,5,8,23,2.0833073192048444,2.6725609361140177,3.0,2.5575535599111863,2,2,0,2,6
D:\New folder\project\results\4_layer\lower\r80\t2.4\t2.4_280_grid0.cif,2.2283162785418593,2.9873538887210485,2.176422037749653,2.643913029846885,8,2,11,1,22,2.262542385320467,2.887516854088049,2.082007395224128,2.6207781448625265,2,2,2,4,10,2.4253882762958665,2.8076454394693497,2.268056513042985,2.1793701139938024,6,8,13,13,40
D:\New folder\project\results\4_layer\lower\r80\t2.4\t2.4_280_grid1.cif,2.418318917842744,3.0,2.303350885634262,3.0,8,0,4,0,12,1.7718275709780305,2.887516854088049,2.0308037295834502,2.567410762702402,2,2,2,2,8,1.7718275709780298,2.6725609361140177,2.030803729583453,3.0,2,2,2,0,6
D:\New folder\project\results\4_layer\lower\r80\t2.4\t2.4_280_grid4.cif,2.19079818079115,3.0769369766674766,2.508199297373386,1.7499112071615297,9,2,4,2,17,2.283672558329366,2.9395757954539325,1.7915585372792004,2.2294487965382856,12,7,9,10,38,2.403107145903494,2.9661467915872075,2.280409083052331,2.3708842661061085,1,7,7,11,26
D:\New folder\project\results\4_layer\lower\r80\t2.4\t2.4_280_grid5.cif,2.2994785194944063,3.0,2.0455041130585525,2.78341110513478,4,0,12,2,18,2.430207346832349,2.9836067067020897,2.613938397766928,2.0581875326550887,2,4,3,6,15,2.4367294700777,2.6989577553474677,2.2463910252934616,2.048754799026543,8,10,10,18,46
D:\New folder\project\results\4_layer\lower\r80\t2.4\t2.4_320_grid0.cif,2.262542385320467,2.887516854088049,2.082007395224128,2.6207781448625265,2,2,2,4,10,2.3815044107864325,2.8798256061267313,2.185065348460443,2.356329226515238,11,10,8,18,47,2.0833073192048444,2.6725609361140177,3.0,2.5575535599111863,2,2,0,2,6
D:\New folder\project\results\4_layer\lower\r80\t2.4\t2.4_320_grid4.cif,2.246817222794677,2.6934272687372847,1.9589247982173887,2.0796837445067244,3,4,14,1,22,2.452714440924032,2.9836067067020897,2.317285027442718,2.6225629231971577,2,4,8,2,16,2.353868881791508,2.822238653998268,2.165559297124917,2.2632881819077415,4,5,10,14,33
D:\New folder\project\results\4_layer\lower\r80\t2.4\t2.4_320_grid5.cif,2.3602718645493987,2.8026677251351355,2.1906138736904692,2.1778003254786684,12,10,8,18,48,2.41545876038215,2.9836067067020897,2.613938397766928,1.882076728214764,6,4,3,12,25,2.0833073192048444,2.6725609361140177,3.0,2.5575535599111863,2,2,0,2,6
D:\New folder\project\results\4_layer\lower\r80\t2.4\t2.4_340_grid2.cif,2.2280275645947523,3.0,2.2348164858238926,3.0,6,0,10,0,16,2.430207346832349,2.9836067067020897,2.613938397766928,2.0581875326550887,2,4,3,6,15,2.4367294700777,2.6989577553474677,2.2463910252934616,2.048754799026543,8,10,10,18,46
D:\New folder\project\results\4_layer\lower\r80\t2.4\t2.4_340_grid4.cif,2.2703952811196486,2.845729108032253,1.948314418092748,2.1926603806446523,10,14,13,22,59,2.262542385320467,2.887516854088049,2.082007395224128,2.6207781448625265,2,2,2,4,10,2.0833073192048444,2.6725609361140177,3.0,2.5575535599111863,2,2,0,2,6
D:\New folder\project\results\4_layer\lower\r80\t2.4\t2.4_340_grid5.cif,2.2256396537885514,2.971381010365718,2.0568178970643713,2.2820896501996573,6,8,6,12,32,2.336657841129604,2.4906202050513637,2.4550606134346813,2.3239944343200043,6,6,6,9,27,2.2934250345496037,2.7467291474134505,2.0581591611709507,2.196235004246295,9,6,4,18,37
D:\New folder\project\results\4_layer\lower\r80\t3.6\t3.6_80_grid1.cif,2.124503357077305,2.756817174054081,2.0544311304134437,2.200269736567251,12,12,15,21,60,2.1620467765815494,3.1331460306275805,2.4177274435778564,2.7687474612346925,2,2,2,3,9,2.2656889359830332,2.673899192470329,2.0177170183463127,2.0714640644088655,8,2,10,5,25
D:\New folder\project\results\4_layer\lower\r80\t3.6\t3.6_80_grid2.cif,2.2663001447222384,3.0,2.117605033419492,3.0,6,0,14,0,20,2.4354983129326624,2.9867322385303527,2.6730177644819353,1.8339830024746417,1,3,4,4,12,2.379861242258805,2.8465741002414333,2.109128338729312,2.0661748765131245,8,6,9,4,27
D:\New folder\project\results\4_layer\lower\r80\t3.6\t3.6_80_grid5.cif,2.187873522645679,2.8734257051045415,1.9603602044160768,1.9608366256619423,11,10,12,21,54,2.1535728815977775,3.1331460306275805,2.3853598385799932,2.076947572793304,4,2,5,5,16,2.332513888105478,2.850548146818946,2.2148260844086556,2.5233798743697897,8,8,9,15,40
D:\New folder\project\results\4_layer\lower\r80\t3.6\t3.6_100_grid1.cif,2.2097014597103986,2.781477093147589,1.8493373818897685,1.907612669596193,6,14,16,21,57,2.1620467765815494,3.1331460306275805,2.4177274435778564,2.7687474612346925,2,2,2,3,9,2.2656889359830332,2.673899192470329,2.0177170183463127,2.0714640644088655,8,2,10,5,25
D:\New folder\project\results\4_layer\lower\r80\t3.6\t3.6_100_grid2.cif,2.2654818775968883,3.0,2.040835090966823,3.0,6,0,12,0,18,2.4354983129326624,2.9867322385303527,2.6730177644819353,1.8339830024746417,1,3,4,4,12,2.379861242258805,2.8465741002414333,2.109128338729312,2.0661748765131245,8,6,9,4,27
D:\New folder\project\results\4_layer\lower\r80\t3.6\t3.6_200_grid0.cif,2.284653923340934,2.7785792640645752,1.9031949175077487,2.086878599165139,4,6,12,3,25,2.3873748975866036,2.951181594167829,2.3044743844355056,2.139743698058149,3,5,7,3,18,2.3787538807027815,2.7533924565647725,2.232828549641192,2.2390286029562843,6,8,10,7,31
D:\New folder\project\results\4_layer\lower\r80\t3.6\t3.6_200_grid5.cif,2.2243050529024444,2.9516044665948447,2.0196560346556875,2.264528959566584,6,4,2,14,26,2.356269838347829,2.5342425222693947,2.319417537198926,2.4380674763823564,4,5,8,6,23,2.2205299464287602,2.9111796093837947,2.041836432794998,2.2382273528399614,6,4,2,14,26
D:\New folder\project\results\4_layer\lower\r80\t3.6\t3.6_220_grid0.cif,2.3091534875255766,2.845058923309419,1.9270884542018831,1.8587742020150206,4,9,10,10,33,2.3379811317949186,2.855712906609086,2.182192620748862,2.244301545127089,4,5,5,9,23,2.401142737022112,2.7812716471107137,1.844656847947391,2.333190536146789,8,9,9,7,33
D:\New folder\project\results\4_layer\lower\r80\t3.6\t3.6_260_grid5.cif,2.3202699337022588,2.9516044665948447,2.0196560346556875,2.330362242344431,6,4,2,10,22,2.234799706136206,2.6266228985915787,2.1694521021005944,2.3033801572143306,2,6,6,7,21,2.2372051892166964,2.9111796093837947,2.041836432794998,2.2990862325627868,7,4,2,10,23
D:\New folder\project\results\4_layer\lower\r80\t3.6\t3.6_340_grid1.cif,2.3227522624065426,2.8494409264714315,1.9966111220841254,2.2865633522677493,9,15,16,19,59,2.1620467765815494,3.1331460306275805,2.4177274435778564,2.7687474612346925,2,2,2,3,9,2.2656889359830332,2.673899192470329,2.0177170183463127,2.0714640644088655,8,2,10,5,25
D:\New folder\project\results\4_layer\lower\r80\t3.6\t3.6_340_grid5.cif,2.10224020446371,2.877740268610162,2.1154540708396223,2.230088599069156,4,8,7,12,31,2.3416839365524473,2.5001564987989155,2.3382236091407207,2.455923159999348,6,3,8,7,24,2.3798305436049403,2.9347385267737884,1.9086809546960377,2.042113645634573,6,9,7,14,36
D:\New folder\project\results\4_layer\lower\r200\t0\t0_80_grid0.cif,2.4306159487833288,2.9031942698761153,2.6901024825082596,2.2412072182879714,6,8,8,12,34,2.1450469846505293,2.7611348444151207,2.1888639943838126,2.408088468638416,4,4,4,6,18,2.3876664626468598,2.684616151405095,2.0876438920170988,2.2005404271187006,8,3,3,7,21
D:\New folder\project\results\4_layer\lower\r200\t0\t0_80_grid4.cif,2.3757348252309596,2.603344614176512,2.2716911972505462,2.1800172970066636,6,6,5,12,29,2.3746165186445336,2.8295944420448063,2.0388678623358776,2.360108886873884,8,6,6,10,30,2.1274926544186012,2.5883314590737063,2.0907301867810046,1.9641418635498873,6,4,4,12,26
D:\New folder\project\results\4_layer\lower\r200\t0\t0_220_grid0.cif,2.4055711772710398,2.6520285788278963,2.3809320530416374,2.278237784290837,8,9,16,14,47,2.209084574499067,2.739052498705579,2.4358323054516293,2.164156933245014,10,2,8,2,22,2.4426910685157317,3.0,2.3626027099905613,0.9775784181916021,4,0,4,2,10
D:\New folder\project\results\4_layer\lower\r200\t0\t0_260_grid3.cif,2.2743727856840827,2.928604729615528,2.2126494630817892,1.966607156091633,9,7,10,8,34,2.220251705785485,2.8682884613683894,2.051572913024274,2.6357588348161887,8,4,14,2,28,2.4426910685157317,2.9009104284530234,2.273013038084811,2.409269388681046,4,2,6,1,13
D:\New folder\project\results\4_layer\lower\r200\t0\t0_280_grid4.cif,2.352590718474484,2.603344614176512,2.153897850557252,2.165943483876772,4,6,6,8,24,2.3746165186445336,2.8295944420448063,2.0388678623358776,2.360108886873884,8,6,6,10,30,2.1274926544186012,2.924053532685643,2.1008170956446075,1.9120597986286458,6,2,2,12,22
D:\New folder\project\results\4_layer\lower\r200\t0\t0_340_grid0.cif,2.400793096279696,2.8995940460016563,2.4451008740171263,2.4063757925179607,11,10,14,15,50,2.2876252702140705,2.739052498705579,2.543116445263409,2.164156933245014,6,2,4,2,14,2.4426910685157317,2.9009104284530234,2.273013038084811,2.409269388681046,4,2,6,1,13
D:\New folder\project\results\4_layer\lower\r200\t4.8\t4.8_220_grid2.cif,2.20566581948501,2.5580055606593364,2.1963109155271265,2.3251854611461895,10,10,12,20,52,2.0639567497416236,2.825883514063552,3.0,1.9430457372708858,8,3,0,9,20,2.135504218783896,2.9542379689835347,2.2757214214769306,2.56198594349685,4,5,9,7,25
D:\New folder\project\results\4_layer\lower\r200\t9.6\t9.6_80_grid0.cif,2.4017268906027343,2.9042256099032033,2.3387223286614343,2.675087371127744,5,6,10,4,25,2.3021612807568235,2.970309203238966,2.364457732036446,2.1974505366600834,3,9,6,11,29,2.3155725149325503,2.669059704206707,1.9917179434459549,2.0851275680256727,5,8,12,3,28
D:\New folder\project\results\4_layer\lower\r200\t9.6\t9.6_80_grid3.cif,2.3573993094150665,2.53903602253051,2.3538446494546608,2.3491261196814883,6,4,6,7,23,2.2429256474730312,2.7154497235916617,1.9457413656629068,2.055094116645499,9,11,10,12,42,2.0213420113055824,2.970309203238966,2.4246396466123805,2.3771506253185657,4,9,8,8,29
D:\New folder\project\results\4_layer\lower\r200\t9.6\t9.6_80_grid4.cif,2.3759219723967355,2.692611387599841,2.200146406164293,2.1763922894469117,6,6,7,8,27,2.457155495820117,2.6288399104454254,2.2067473297229196,1.8944939358565842,6,6,8,8,28,2.22218429678138,2.7402045840635556,2.060212744416545,2.2875481934332487,6,6,4,11,27
D:\New folder\project\results\4_layer\lower\r200\t9.6\t9.6_80_grid6.cif,2.3414445554909715,2.613585986639781,2.1846283551374936,2.1972241131274206,4,6,5,10,25,2.19352620601885,2.4052688033971066,2.2435819627778724,2.267687086702197,7,5,6,9,27,2.3785408644487,2.7836441535341727,2.132677641622131,2.567417961650354,3,6,6,9,24
D:\New folder\project\results\4_layer\lower\r200\t9.6\t9.6_100_grid4.cif,2.3759219723967355,2.5999832568591255,2.2788580651290986,2.181522347860457,6,6,5,12,29,2.457155495820117,2.6288399104454254,2.176442020474596,2.1990945876696517,6,6,8,6,26,2.22218429678138,2.8138684465323394,2.05458064085204,2.270809971923429,6,5,3,12,26
D:\New folder\project\results\4_layer\lower\r200\t9.6\t9.6_200_grid2.cif,2.3424246753817397,2.580934411234444,2.3646318328987834,2.280218716522311,12,10,9,20,51,2.1484914297079447,2.834975004990472,2.377508570894273,2.3162093196263713,10,2,6,4,22,2.4154995998244444,3.0,2.4507964251770313,2.040653432406617,6,0,6,2,14
D:\New folder\project\results\4_layer\lower\r200\t9.6\t9.6_200_grid3.cif,2.3009992153774816,2.816714732274958,2.441450359603552,2.1743245939758973,6,4,8,10,28,2.274313308769127,2.7292865978213725,1.9064674989306334,2.007092932964563,7,11,10,11,39,2.2421938093000646,2.970309203238966,2.353321018289364,2.318991076437714,2,9,6,10,27
D:\New folder\project\results\4_layer\lower\r200\t9.6\t9.6_220_grid2.cif,2.3627201197355374,2.6941452067187557,2.2335413213608346,2.2255926599221127,7,10,12,19,48,2.248805658866693,2.751546145833961,2.033296799989845,2.0936069793476726,10,2,10,4,26,2.288119189238421,2.8898317834890594,2.2323173898457607,2.437140171676782,9,2,12,2,25
D:\New folder\project\results\4_layer\lower\r200\t9.6\t9.6_220_grid3.cif,2.4017268906027343,2.8414005016952073,2.383822518325101,2.42633843153588,5,7,9,8,29,2.274313308769127,2.741045818426404,1.9226410845055744,2.0242126612163562,7,11,11,11,40,2.3021612807568235,2.970309203238966,2.364457732036446,2.1974505366600834,3,9,6,11,29
D:\New folder\project\results\4_layer\lower\r200\t9.6\t9.6_260_grid3.cif,2.337248200321793,2.9281097368620284,2.307529905008532,2.411284082209922,6,8,6,12,32,2.219354217827901,2.751546145833961,2.52846499242883,2.354148745795373,6,2,4,3,15,2.288119189238421,2.8898317834890594,2.2323173898457607,2.437140171676782,9,2,12,2,25
D:\New folder\project\results\4_layer\lower\r200\t9.6\t9.6_280_grid2.cif,2.3059275954080327,2.774766222564761,1.8910942276976397,2.061237559137587,10,11,14,17,52,2.17205082148232,2.875654131786232,2.357807899987482,2.1206186853018143,10,4,10,2,26,2.288119189238421,2.8898317834890594,2.2323173898457607,2.437140171676782,9,2,12,2,25
D:\New folder\project\results\4_layer\lower\r200\t9.6\t9.6_320_grid3.cif,2.408547082363909,2.9042256099032033,2.1964849973333025,2.230069324600742,1,6,4,9,20,2.350544941143945,2.7211153758024453,1.9057132567292203,1.9283907510381049,8,10,13,12,43,2.331381087315908,2.9813333789048615,2.2459671452846703,2.2500828919433706,4,9,10,8,31
D:\New folder\project\results\4_layer\lower\r200\t9.6\t9.6_340_grid2.cif,2.3766814328564,2.5597427694993824,2.2196195388147255,2.2253692892968244,10,12,12,18,52,2.1443921233111647,2.834975004990472,2.377508570894273,2.3177049745469183,10,2,6,4,22,2.4154995998244444,3.0,2.4507964251770313,2.040653432406617,6,0,6,2,14
D:\New folder\project\results\4_layer\lower\r200\t9.6\t9.6_340_grid3.cif,2.4017268906027343,2.9042256099032033,2.3387223286614343,2.675087371127744,5,6,10,4,25,2.274313308769127,2.741045818426404,1.9226410845055744,2.0242126612163562,7,11,11,11,40,2.3021612807568235,2.970309203238966,2.364457732036446,2.1974505366600834,3,9,6,11,29
D:\New folder\project\results\4_layer\lower\r260\t7.2\t7.2_80_grid0.cif,2.4378088298169045,2.9818225822810134,2.2486851650390145,2.03848559159547,6,7,12,2,27,2.3804884679652747,2.8172930699455874,2.45359567562955,2.2224582578100014,6,4,8,5,23,2.3832154049501644,2.625074849280789,2.155627503407516,2.3219323405316774,6,6,8,5,25
D:\New folder\project\results\4_layer\lower\r260\t7.2\t7.2_100_grid0.cif,2.4053260571377097,3.060757621574996,2.135227541727273,3.0,6,4,10,0,20,2.349467318416252,2.915167629192625,2.2823059265433727,2.319351302493386,4,6,5,4,19,2.2281998846994875,2.8291262049873978,2.0598360478504327,2.369091316086377,10,6,8,7,31
D:\New folder\project\results\4_layer\lower\r260\t7.2\t7.2_220_grid3.cif,2.3615867505445918,2.7512566475422355,2.275767020989075,2.364609950438343,9,13,21,7,50,2.0966180357280586,3.0,2.407992038677938,2.619370117145344,4,0,6,2,12,2.4223272450313273,2.562676919990935,2.437038235032154,2.750967450510913,4,2,6,2,14
D:\New folder\project\results\4_layer\lower\r260\t7.2\t7.2_260_grid3.cif,2.341493086998955,2.9995377453305467,2.388138491570855,2.303509186996951,11,9,11,11,42,2.4242017481592777,3.0,2.6541071196029,2.619370117145344,2,0,4,2,8,2.3734757583612973,2.562676919990935,2.5372591386318017,2.750967450510913,2,2,2,2,8
D:\New folder\project\results\4_layer\lower\r260\t7.2\t7.2_340_grid2.cif,2.4242017481592777,3.0,2.6541071196029,2.619370117145344,2,0,4,2,8,2.3640589905215896,2.7045732960208038,2.324159196040485,2.366978987329752,15,12,12,15,54,2.4223272450313273,2.562676919990935,2.437038235032154,2.750967450510913,4,2,6,2,14
D:\New folder\project\results\4_layer\lower\r280\t7.2\t7.2_80_grid0.cif,2.416741174877526,2.391274768627982,2.159884145883176,2.3112608923385562,1,5,6,10,22,2.3645517162257708,2.617720990794422,2.3053057357754843,2.271251755136835,8,5,4,10,27,2.383399242518796,2.7367207419020128,2.2018071020903487,2.5259015226886166,7,7,6,5,25
D:\New folder\project\results\4_layer\lower\r280\t7.2\t7.2_80_grid2.cif,2.47452241778867,3.0445929881419294,2.644477064425397,2.3780910258590926,2,4,2,4,12,2.22711683430177,3.0544718650007057,2.3961665033444532,2.2471748185386238,14,5,13,9,41,2.3210999252786073,2.919221385337662,2.187458683169646,2.190985409461452,12,7,7,10,36
D:\New folder\project\results\4_layer\lower\r280\t7.2\t7.2_80_grid6.cif,2.2614371717641424,3.000513775534895,1.9806234530434699,2.350165985158013,10,8,6,9,33,2.3122434300955965,2.9258809809185866,2.2925871699723466,2.2354422746360636,12,6,8,12,38,2.307258152854126,2.569542311747421,3.0,2.337037765389476,2,2,0,2,6
D:\New folder\project\results\4_layer\lower\r280\t7.2\t7.2_100_grid0.cif,2.4209160882096237,2.4766330643469936,1.8891803530043072,2.157878726191615,2,6,9,5,22,2.3645517162257708,2.5282536497307135,2.2294729515327396,2.391644502603611,8,4,6,6,24,2.382527641213395,2.7367207419020128,2.2018071020903487,2.328911721358761,6,7,6,9,28
D:\New folder\project\results\4_layer\lower\r280\t7.2\t7.2_100_grid2.cif,2.4057236904784034,3.0445929881419294,2.644477064425397,2.3735559093001464,4,4,2,4,14,2.22711683430177,3.0544718650007057,2.3961665033444532,2.2471748185386238,14,5,13,9,41,2.3210999252786073,2.919221385337662,2.187458683169646,2.190985409461452,12,7,7,10,36
D:\New folder\project\results\4_layer\lower\r280\t7.2\t7.2_100_grid5.cif,2.366669792088458,3.0445929881419294,2.644477064425397,2.047107050179686,8,4,2,14,28,2.3226588270724893,3.038392712032781,2.312168976846915,2.336682265161332,2,2,2,2,8,2.307258152854126,2.569542311747421,3.0,2.337037765389476,2,2,0,2,6
D:\New folder\project\results\4_layer\lower\r280\t7.2\t7.2_200_grid1.cif,2.2317480386686595,2.6675494337217636,2.145508505148754,2.43095339035113,14,8,10,15,47,2.45929309602916,2.955009039370494,2.656097643171136,2.0324136333522995,4,4,4,10,22,2.307258152854126,2.569542311747421,3.0,2.337037765389476,2,2,0,2,6
D:\New folder\project\results\4_layer\lower\r280\t7.2\t7.2_260_grid2.cif,2.4745224177886733,3.0445929881419294,2.644477064425397,2.259020124177898,4,4,2,10,20,2.242273088797915,3.003044593235628,2.216003809694471,2.3860517065291122,12,7,13,6,38,2.2498271107150236,2.9130298391446727,1.8529590654433585,2.0769387024856703,8,8,6,12,34
D:\New folder\project\results\4_layer\lower\r280\t7.2\t7.2_320_grid3.cif,2.4209160882096237,2.4766330643469936,1.8891803530043072,2.157878726191615,2,6,9,5,22,2.371787457641056,2.893295685979297,2.0656368796431,2.2070550328056706,4,6,15,4,29,2.4195505506348485,2.826016564392649,2.503596501570148,2.29405595951571,8,4,7,6,25
D:\New folder\project\results\4_layer\lower\r280\t7.2\t7.2_340_grid3.cif,2.4209160882096237,2.4766330643469936,2.149687895421971,2.2744406962168275,2,6,7,9,24,2.371787457641056,2.7762441426257953,2.0284354153437505,2.1635925729037333,4,7,14,6,31,2.3645517162257708,2.826016564392649,2.2879204787854395,1.9511114742613034,8,4,8,3,23
D:\New folder\project\results\4_layer\lower\r320\t4.8\t4.8_200_grid1.cif,2.413964436758002,2.4384380944261874,2.5132236389708744,2.197327150183172,2,4,2,19,27,2.3094469820521764,2.739752967880623,1.9465162121290285,2.387060196902824,12,7,10,8,37,2.219444716195382,2.941986306769157,2.3256249152170594,2.4672679703566076,6,3,8,4,21
D:\New folder\project\results\4_layer\lower\r320\t4.8\t4.8_220_grid1.cif,2.304502063242935,2.4384380944261874,2.6671743833392543,2.2326242889936996,6,4,6,15,31,2.3094469820521764,2.6742737682595132,2.187192987721273,2.3320528520711172,12,5,8,12,37,2.1437365606552468,2.91588405596912,2.2609779598675726,2.336959266414172,6,5,6,10,27
D:\New folder\project\results\4_layer\lower\r320\t8.4\t8.4_320_grid1.cif,2.3569712043803643,2.633774888438555,2.3557690539029643,2.401454926371217,5,10,12,13,40,2.4133875893989347,2.8230151097078733,1.936280493339672,2.2464085112512255,5,12,10,15,42,1.7810755802508096,2.947711316744426,3.0,1.8273250382491362,2,4,0,6,12
D:\New folder\project\results\4_layer\lower\r340\t3.6\t3.6_280_grid0.cif,2.230288063710569,2.462448767970609,2.281106420322138,2.3076299874361137,9,10,18,19,56,2.4172662966657934,2.7414941961057795,2.0112027090064957,2.2962059871557754,8,7,4,20,39,2.140000339999527,2.7778372072183575,2.199618994409894,2.373322199477296,7,7,6,11,31
D:\New folder\project\results\4_layer\lower\r340\t4.8\t4.8_80_grid1.cif,2.2992837048184818,2.9560011681505074,2.1574956889935293,2.3079360976519894,10,8,16,8,42,2.0234777505437402,2.9342183405341533,2.6957928251108494,2.1503129229626,3,4,3,7,17,2.154062275905615,2.719489754691118,2.8006460442251435,2.105571746424476,4,2,2,2,10
D:\New folder\project\results\4_layer\lower\r340\t4.8\t4.8_220_grid2.cif,2.3157532574243445,2.436773466463136,2.600726566782809,2.208718042569007,6,4,4,17,31,2.308185860482612,2.9453109082442643,2.0983029032140044,3.0,11,5,11,0,27,2.4242107782214397,2.8262114987302773,2.2045628794690253,2.3137043734471643,8,6,6,5,25
D:\New folder\project\results\4_layer\lower\r340\t6.0\t6.0_80_grid0.cif,2.3857786313387845,2.9317986206470974,1.918552322965149,2.4518220382885865,6,8,18,9,41,2.237506860551835,2.8130996426094494,2.567609643060131,1.993506757175621,5,2,4,2,13,2.3436961085125168,3.097625577194848,1.921570452921963,2.5377787358026263,2,2,2,4,10
D:\New folder\project\results\4_layer\lower\r340\t6.0\t6.0_220_grid2.cif,2.3296998547665217,2.439569577208848,2.4262440683304565,2.3951240735623807,5,4,8,7,24,2.292462007463339,2.9583579231220574,2.0850777973678865,2.2786060064018394,9,8,10,12,39,2.3017301889805712,2.394227212053248,2.13698651445487,2.2114857289458816,5,5,9,9,28
D:\New folder\project\results\4_layer\lower\r340\t6.0\t6.0_280_grid2.cif,2.401071915671705,2.8707015030984024,2.437515891589126,2.4352452707157317,6,5,4,11,26,2.453840325679063,2.579368912821597,2.087815925463891,2.0009255956671046,5,4,4,14,27,2.177293036742035,2.558043647671731,2.0904814339766267,1.9475889930931487,7,4,4,12,27
D:\New folder\project\results\4_layer\upper\r0\t4.8\t4.8_200_grid1.cif,2.3341988391360915,2.9127774403399114,2.212944253872962,1.924701527598478,8,5,11,10,34,2.1038972260458353,2.9870151442573363,2.0731691707953877,2.6320218961144377,9,4,9,2,24,2.3602585648988157,2.7347778165894705,2.181502212360816,2.260453526606828,18,7,8,17,50
D:\New folder\project\results\4_layer\upper\r0\t4.8\t4.8_220_grid1.cif,2.3341988391360915,2.9127774403399114,2.212944253872962,1.924701527598478,8,5,11,10,34,2.1038972260458353,2.9870151442573363,2.0731691707953877,2.6320218961144377,9,4,9,2,24,2.3513918800664,2.7347778165894714,2.3513530201319495,2.291972184766947,15,7,8,21,51
D:\New folder\project\results\4_layer\upper\r0\t6.0\t6.0_200_grid0.cif,2.280215980220947,2.944732885792754,2.1224717019965786,2.410376785548999,8,7,13,6,34,2.294612355186315,3.0226749940357274,2.5743129904747626,2.232529346334018,8,5,2,10,25,2.303352184027357,3.0,2.5864702910654516,2.7834321074126036,6,0,6,2,14
D:\New folder\project\results\4_layer\upper\r0\t6.0\t6.0_200_grid1.cif,2.280215980220947,2.944732885792754,2.1224717019965786,2.410376785548999,8,7,13,6,34,2.294612355186315,3.0226749940357274,2.5743129904747626,2.232529346334018,8,5,2,10,25,2.3184077563503327,2.807920209256493,1.8657977887406372,2.0586680492386056,11,4,6,4,25
D:\New folder\project\results\4_layer\upper\r0\t6.0\t6.0_200_grid2.cif,2.2881515454906003,2.9241929433579466,2.1449408785760404,2.4511772148444555,8,7,12,8,35,2.431859654675449,3.0,2.6994963827112106,2.4906886588860466,4,0,4,2,10,2.1433128561699917,2.6321059363558503,2.2179565102479786,1.6524227657235022,8,1,6,6,21
D:\New folder\project\results\4_layer\upper\r0\t6.0\t6.0_200_grid3.cif,2.326300613751869,2.7053662668327676,2.31730515922916,2.2199602439124377,7,8,4,23,42,2.431859654675449,3.0,2.6994963827112106,2.4906886588860466,4,0,4,2,10,1.5408148811442701,3.0,2.3861097765952977,2.394771890050351,4,0,2,4,10
D:\New folder\project\results\4_layer\upper\r0\t6.0\t6.0_220_grid1.cif,2.280215980220947,2.944732885792754,2.1224717019965786,2.410376785548999,8,7,13,6,34,2.294612355186315,3.0226749940357274,2.5743129904747626,2.232529346334018,8,5,2,10,25,2.3210261040017177,2.4601921143992405,1.9614254972108771,2.3886848918729635,12,4,8,8,32
D:\New folder\project\results\4_layer\upper\r0\t6.0\t6.0_220_grid3.cif,2.326300613751869,2.7053662668327676,2.31730515922916,2.2199602439124377,7,8,4,23,42,2.431859654675449,3.0,2.6994963827112106,2.4906886588860466,4,0,4,2,10,1.8387748063433247,2.7803434921532784,2.5503603726248865,2.254531491755941,9,2,6,6,23
D:\New folder\project\results\4_layer\upper\r0\t6.0\t6.0_260_grid0.cif,2.290000767828113,3.013963244131987,2.617782219605606,2.2316032557035195,6,2,4,2,14,2.1290898795161217,2.9074787474867345,3.0,1.7430291412489005,8,3,0,7,18,3.0,3.0,3.0,3.0,0,0,0,0,0
D:\New folder\project\results\4_layer\upper\r0\t6.0\t6.0_280_grid2.cif,2.290000767828113,3.013963244131987,2.617782219605606,2.2316032557035195,6,2,4,2,14,2.1290898795161217,2.9074787474867345,3.0,1.7430291412489005,8,3,0,7,18,2.3189779082499014,2.934200149751115,2.2875476800572514,2.189525464214376,4,4,8,5,21
D:\New folder\project\results\4_layer\upper\r0\t6.0\t6.0_320_grid3.cif,2.326300613751869,2.7053662668327676,2.31730515922916,2.2199602439124377,7,8,4,23,42,2.431859654675449,3.0,2.6994963827112106,2.4906886588860466,4,0,4,2,10,2.3262321618369484,3.0,3.0,3.0,6,0,0,0,6
D:\New folder\project\results\4_layer\upper\r0\t6.0\t6.0_340_grid0.cif,2.2881515454906003,2.9241929433579466,2.1449408785760404,2.4511772148444555,8,7,12,8,35,2.431859654675449,3.0,2.6994963827112106,2.4906886588860466,4,0,4,2,10,2.0747502960296376,3.0,3.0,2.3546132676829297,4,0,0,1,5
D:\New folder\project\results\4_layer\upper\r0\t6.0\t6.0_340_grid3.cif,2.326300613751869,2.7053662668327676,2.31730515922916,2.2199602439124377,7,8,4,23,42,2.431859654675449,3.0,2.6994963827112106,2.4906886588860466,4,0,4,2,10,2.1641680889363055,3.0,2.803883265949907,3.0,2,0,1,0,3
D:\New folder\project\results\4_layer\upper\r0\t7.2\t7.2_200_grid0.cif,2.274712123576605,2.554078975717798,2.182586829519802,2.429191960291702,10,12,14,9,45,2.1768430871359734,3.0403813719515194,2.473525734967377,2.1271246397398658,5,5,5,6,21,2.4151369893318777,2.9346650052180108,2.187689507758444,2.3475632917550215,7,4,4,4,19
D:\New folder\project\results\4_layer\upper\r0\t7.2\t7.2_220_grid3.cif,2.274712123576605,2.554078975717798,2.182586829519802,2.429191960291702,10,12,14,9,45,2.1768430871359734,3.0403813719515194,2.473525734967377,2.1271246397398658,5,5,5,6,21,2.3423374360140836,2.934665005218006,2.3813446195163914,2.4310107174565503,6,4,5,6,21
D:\New folder\project\results\4_layer\upper\r0\t7.2\t7.2_260_grid2.cif,2.274712123576605,2.554078975717798,2.182586829519802,2.429191960291702,10,12,14,9,45,2.1768430871359734,3.0403813719515194,2.473525734967377,2.1271246397398658,5,5,5,6,21,2.359045725626843,2.928820727832885,2.0034879314164695,2.2023633013740826,6,6,9,12,33
D:\New folder\project\results\4_layer\upper\r0\t7.2\t7.2_280_grid2.cif,2.274712123576605,2.554078975717798,2.182586829519802,2.429191960291702,10,12,14,9,45,2.1768430871359734,3.0403813719515194,2.473525734967377,2.1271246397398658,5,5,5,6,21,2.203791457988144,2.0056119600403823,2.0034879314164726,2.2438986681237765,8,4,9,8,29
D:\New folder\project\results\4_layer\upper\r20\t6.0\t6.0_200_grid1.cif,2.2492294207867283,2.6142235318406177,2.2053183539832366,2.299116608400863,12,10,16,15,53,2.3281472072062814,3.0,2.597422752199856,2.6815250856481407,6,0,4,2,12,2.4071199150220437,3.0,2.684077716887896,3.0,1,0,1,0,2
D:\New folder\project\results\4_layer\upper\r20\t6.0\t6.0_220_grid1.cif,2.2492294207867283,2.6142235318406177,2.2053183539832366,2.299116608400863,12,10,16,15,53,2.3281472072062814,3.0,2.597422752199856,2.6815250856481407,6,0,4,2,12,2.333518280885815,3.0,2.3389465154522036,3.0,5,0,2,0,7
D:\New folder\project\results\4_layer\upper\r20\t6.0\t6.0_260_grid1.cif,2.2631009196906406,2.7525681581962758,2.1778742995936526,2.3328401794058267,14,10,8,18,50,2.3281472072062814,3.0,2.597422752199856,2.6815250856481407,6,0,4,2,12,1.9872265435625531,3.0376153015069614,2.1127020525035665,1.9940440132652815,6,2,6,2,16
D:\New folder\project\results\4_layer\upper\r20\t6.0\t6.0_280_grid3.cif,2.3043772463125523,2.7645619935642514,2.2821077786767696,2.3503285484070484,9,11,10,20,50,2.3281472072062814,3.0,2.597422752199856,2.6815250856481407,6,0,4,2,12,2.43290099957283,2.584642981042103,2.2855941550158185,2.2527927622151966,7,8,7,24,46
D:\New folder\project\results\4_layer\upper\r20\t6.0\t6.0_320_grid3.cif,2.2631009196906406,2.7525681581962758,2.1778742995936526,2.3328401794058267,14,10,8,18,50,2.3281472072062814,3.0,2.597422752199856,2.6815250856481407,6,0,4,2,12,2.1643712292613797,2.5384299475337535,1.9741901283225565,2.068727615690567,7,11,15,19,52
D:\New folder\project\results\4_layer\upper\r60\t9.6\t9.6_100_grid5.cif,2.4683625432790812,2.9423432891114336,2.2835059342832764,2.4165841118352467,2,2,2,3,9,2.1166634751154265,3.118545160072064,2.4676999481132214,2.101436180296063,4,1,6,2,13,2.401434499876911,2.9839759647239585,2.2452813561236593,2.3972851000850457,3,8,13,6,30
D:\New folder\project\results\4_layer\upper\r80\t1.2\t1.2_80_grid2.cif,2.176595081604913,2.913389107218291,2.115246063407367,2.2471331485713844,10,15,14,22,61,2.2826089331117743,2.9008293132379492,2.0939830145604574,2.6155072664437475,2,2,2,4,10,2.2658190585611098,3.0,2.617567562207168,2.2543045215201243,4,0,2,1,7
D:\New folder\project\results\4_layer\upper\r80\t1.2\t1.2_80_grid3.cif,2.176595081604913,2.913389107218291,2.115246063407367,2.2471331485713844,10,15,14,22,61,2.2826089331117743,2.9008293132379492,2.0939830145604574,2.6155072664437475,2,2,2,4,10,2.1154228406669056,3.0,2.465127785001231,3.0,2,0,2,0,4
D:\New folder\project\results\4_layer\upper\r80\t1.2\t1.2_80_grid4.cif,2.2258311828797255,2.7166657204418008,2.2086170682563466,2.3126494801911277,12,13,12,25,62,2.2826089331117743,2.9008293132379492,2.0939830145604574,2.6155072664437475,2,2,2,4,10,2.053462073393287,2.8767916958793336,2.230980100003874,2.0676253972712426,4,1,10,4,19
D:\New folder\project\results\4_layer\upper\r80\t1.2\t1.2_100_grid1.cif,2.2258311828797255,2.7166657204418008,2.2086170682563466,2.3126494801911277,12,13,12,25,62,2.2826089331117743,2.9008293132379492,2.0939830145604574,2.6155072664437475,2,2,2,4,10,2.0591880985904667,2.2257731322389764,2.4097571552958974,2.6998008443694044,6,1,6,3,16
D:\New folder\project\results\4_layer\upper\r80\t1.2\t1.2_100_grid2.cif,2.176595081604913,2.913389107218291,2.115246063407367,2.2471331485713844,10,15,14,22,61,2.2826089331117743,2.9008293132379492,2.0939830145604574,2.6155072664437475,2,2,2,4,10,2.360837088265998,2.9775242647278426,3.0,2.5869749963504196,4,2,0,1,7
D:\New folder\project\results\4_layer\upper\r80\t1.2\t1.2_200_grid1.cif,2.176595081604913,2.913389107218291,2.115246063407367,2.2471331485713844,10,15,14,22,61,2.328081228813597,2.9008293132379492,2.0939830145604574,2.6155072664437475,6,2,2,4,14,2.2961354723871015,2.3416235121418896,2.4128157691661722,2.4022203445875983,11,9,13,16,49
D:\New folder\project\results\4_layer\upper\r80\t1.2\t1.2_220_grid0.cif,2.270028337181522,2.8038865619582993,2.211207413827557,2.3051607298927275,14,15,15,18,62,1.7752005120457,2.9008293132379492,2.02981465962607,2.3993365160290683,4,2,2,4,12,2.134852312094715,2.6954282775523444,1.696703439968573,2.0676253972712426,4,2,2,4,12
D:\New folder\project\results\4_layer\upper\r80\t1.2\t1.2_220_grid1.cif,2.176595081604913,2.913389107218291,2.115246063407367,2.2471331485713844,10,15,14,22,61,2.2826089331117743,2.9008293132379492,2.0939830145604574,2.6155072664437475,2,2,2,4,10,2.3424810426656637,2.341623512141892,2.351548776728005,2.3305073167315795,7,9,13,16,45
D:\New folder\project\results\4_layer\upper\r80\t1.2\t1.2_220_grid3.cif,2.3327812952456104,2.7660195171138917,2.190384514590223,2.2812373901700935,14,11,6,25,56,1.7794176920800138,2.803158476942992,1.9853881740114274,2.1021074320370836,4,2,2,2,10,2.418754132964028,2.9688069640672845,2.579925800451733,2.285969856482137,4,5,4,12,25
D:\New folder\project\results\4_layer\upper\r80\t1.2\t1.2_260_grid1.cif,2.176595081604913,2.913389107218291,2.115246063407367,2.2471331485713844,10,15,14,22,61,2.2826089331117743,2.9008293132379492,2.0939830145604574,2.6155072664437475,2,2,2,4,10,2.2736899236274986,2.6150347558952074,2.209191363519185,2.256528544675414,14,12,17,16,59
D:\New folder\project\results\4_layer\upper\r80\t1.2\t1.2_260_grid2.cif,2.3327812952456104,2.7660195171138917,2.190384514590223,2.2812373901700935,14,11,6,25,56,1.7794176920800138,2.803158476942992,1.9853881740114274,2.1021074320370836,4,2,2,2,10,2.1474519793858917,3.0132021541894076,1.1032368106591763,3.0,8,2,2,0,12
D:\New folder\project\results\4_layer\upper\r80\t1.2\t1.2_280_grid1.cif,2.176595081604913,2.913389107218291,2.115246063407367,2.2471331485713844,10,15,14,22,61,2.2826089331117743,2.9008293132379492,2.0939830145604574,2.6155072664437475,2,2,2,4,10,2.373880869962033,2.653845722152549,2.2650687647048944,2.3082567076973906,10,13,15,18,56
D:\New folder\project\results\4_layer\upper\r80\t1.2\t1.2_320_grid1.cif,2.270028337181522,2.8038865619582993,2.211207413827557,2.3051607298927275,14,15,15,18,62,1.7752005120457,2.9008293132379492,2.02981465962607,2.3993365160290683,4,2,2,4,12,2.414473496118746,2.8802540734544375,2.1989045723930736,2.3157124756259915,4,8,4,18,34
D:\New folder\project\results\4_layer\upper\r80\t1.2\t1.2_320_grid2.cif,2.176595081604913,2.913389107218291,2.115246063407367,2.2471331485713844,10,15,14,22,61,2.2826089331117743,2.9008293132379492,2.0939830145604574,2.6155072664437475,2,2,2,4,10,2.1403632490015045,2.601478866436724,2.4965861002852487,2.4447863380634334,2,1,4,6,13
D:\New folder\project\results\4_layer\upper\r80\t1.2\t1.2_340_grid0.cif,2.2561511390901994,2.8232128228197837,2.0558489539500315,2.2940228772946076,13,11,17,15,56,2.2249378645452387,2.73785756908471,2.145168772158378,2.3424507128851237,10,13,13,24,60,2.2826089331117743,2.9008293132379492,2.0939830145604574,2.6155072664437475,2,2,2,4,10
D:\New folder\project\results\4_layer\upper\r80\t1.2\t1.2_340_grid1.cif,2.176595081604913,2.913389107218291,2.115246063407367,2.2471331485713844,10,15,14,22,61,2.367631357274494,2.9008293132379492,2.331539744788047,2.6600506655192926,4,2,4,6,16,2.3388256462195525,2.422439217049624,2.331215952309488,2.4248600953062347,13,9,11,18,51
D:\New folder\project\results\4_layer\upper\r80\t1.2\t1.2_340_grid2.cif,2.2258311828797255,2.7166657204418008,2.2086170682563466,2.3126494801911277,12,13,12,25,62,2.2826089331117743,2.9008293132379492,2.0939830145604574,2.6155072664437475,2,2,2,4,10,2.4538052179218544,2.9270300776031064,2.380237140004013,2.179809882799715,4,5,5,14,28
D:\New folder\project\results\4_layer\upper\r80\t1.2\t1.2_340_grid3.cif,2.2258311828797255,2.7166657204418008,2.2086170682563466,2.3126494801911277,12,13,12,25,62,2.2826089331117743,2.9008293132379492,2.0939830145604574,2.6155072664437475,2,2,2,4,10,2.289811126443249,2.5669416857136453,2.347638110351162,2.4160600037727096,8,9,14,15,46
D:\New folder\project\results\4_layer\upper\r80\t2.4\t2.4_80_grid2.cif,2.262542385320467,2.887516854088049,2.082007395224128,2.6207781448625265,2,2,2,4,10,2.0833073192048444,2.6725609361140177,3.0,2.5575535599111863,2,2,0,2,6,2.3728568648865678,2.62538662060989,2.1438219685995326,2.4266283353615226,10,14,12,18,54
D:\New folder\project\results\4_layer\upper\r80\t2.4\t2.4_80_grid3.cif,2.3636994573536247,3.0687503554056823,2.303350885634262,2.7936104121805103,6,2,4,2,14,1.7718275709780305,2.887516854088049,2.0308037295834502,2.567410762702402,2,2,2,2,8,2.291949621453725,2.6038811722850244,2.175180023205329,2.3084460789378376,14,10,10,19,53
D:\New folder\project\results\4_layer\upper\r80\t2.4\t2.4_80_grid4.cif,2.262542385320467,2.887516854088049,2.082007395224128,2.6207781448625265,2,2,2,4,10,2.0833073192048444,2.6725609361140177,3.0,2.5575535599111863,2,2,0,2,6,2.367025065044916,2.6692679154904466,2.2569461330905014,2.230640949949153,13,11,11,15,50
D:\New folder\project\results\4_layer\upper\r80\t2.4\t2.4_100_grid0.cif,2.3852251145761674,3.0309630474175195,2.5462304099457755,2.3528613641437355,9,7,10,9,35,2.2831923634434377,2.9459924557765937,2.174513344789726,1.924887100202637,11,6,5,16,38,2.416742377162538,2.9346635996790855,2.0897352836975323,2.160311266211182,2,2,2,8,14
D:\New folder\project\results\4_layer\upper\r80\t2.4\t2.4_100_grid1.cif,2.262542385320467,2.887516854088049,2.082007395224128,2.6207781448625265,2,2,2,4,10,2.2941957998355464,2.505164981582539,2.16022697755704,2.383299668805071,8,12,15,9,44,1.8772877248773048,2.6725609361140177,2.030803729583453,2.4387719947323423,6,2,2,4,14
D:\New folder\project\results\4_layer\upper\r80\t2.4\t2.4_100_grid2.cif,2.262542385320467,2.887516854088049,2.082007395224128,2.6207781448625265,2,2,2,4,10,2.4055910019834497,2.927556844934711,2.256436091038809,2.1548756740082693,9,6,16,10,41,2.2784170883293977,2.63972088717814,2.306441409791382,2.33638809978041,12,7,5,15,39
D:\New folder\project\results\4_layer\upper\r80\t2.4\t2.4_100_grid3.cif,2.3636994573536247,3.0687503554056823,2.303350885634262,2.7936104121805103,6,2,4,2,14,1.7718275709780305,2.887516854088049,2.0308037295834502,2.567410762702402,2,2,2,2,8,2.2503134897884616,2.6854351872399853,2.2386226767180495,2.336604842567847,14,8,6,22,50
D:\New folder\project\results\4_layer\upper\r80\t2.4\t2.4_100_grid4.cif,2.262542385320467,2.887516854088049,2.082007395224128,2.6207781448625265,2,2,2,4,10,2.0833073192048444,2.6725609361140177,3.0,2.5575535599111863,2,2,0,2,6,2.37488263165892,2.6268769127931257,2.2679597714301836,2.357730620317222,10,8,16,12,46
D:\New folder\project\results\4_layer\upper\r80\t2.4\t2.4_200_grid1.cif,2.3852251145761674,3.0309630474175195,2.5462304099457755,2.3528613641437355,9,7,10,9,35,2.212131314408356,2.9459924557765937,1.9678706362359268,2.282889894095202,8,6,7,10,31,2.416742377162541,2.6386941697134247,2.3018282963882646,2.3750436302624447,4,9,10,18,41
D:\New folder\project\results\4_layer\upper\r80\t2.4\t2.4_200_grid2.cif,2.1026817918448386,2.8391843588932506,1.9245300629797015,1.815861962196172,4,9,10,8,31,2.394810638285404,2.7738754816465594,2.0514095099193637,2.386517681007533,6,4,4,6,20,3.0,2.261741119161351,2.3838521901790877,2.32519462218578,0,4,4,9,17
D:\New folder\project\results\4_layer\upper\r80\t2.4\t2.4_200_grid4.cif,2.3852251145761674,3.0309630474175195,2.5462304099457755,2.3528613641437355,9,7,10,9,35,2.18066337026034,2.9459924557765937,1.9678706362359268,2.282889894095202,6,6,7,10,29,2.4439358033590066,2.9346635996790855,2.2913769685381484,2.2306316060809537,4,2,9,4,19
D:\New folder\project\results\4_layer\upper\r80\t2.4\t2.4_220_grid1.cif,2.3852251145761674,3.0309630474175195,2.5462304099457755,2.3528613641437355,9,7,10,9,35,2.1250617617796608,2.9459924557765937,1.9678706362359268,2.282889894095202,9,6,7,10,32,2.4167423771625427,2.548200707056484,2.298606057453765,2.339231920654605,4,10,10,20,44
D:\New folder\project\results\4_layer\upper\r80\t2.4\t2.4_220_grid2.cif,2.262542385320467,2.887516854088049,2.082007395224128,2.6207781448625265,2,2,2,4,10,2.0833073192048444,2.6725609361140177,3.0,2.5575535599111863,2,2,0,2,6,2.269000757604341,2.6331906805277567,2.2156737060823097,2.243719956425835,8,13,18,16,55
D:\New folder\project\results\4_layer\upper\r80\t2.4\t2.4_220_grid4.cif,2.3636994573536247,3.0687503554056823,2.303350885634262,2.7936104121805103,6,2,4,2,14,1.7718275709780305,2.887516854088049,2.0308037295834502,2.567410762702402,2,2,2,2,8,1.7994898492304097,3.0,2.095078379049946,3.0,2,0,2,0,4
D:\New folder\project\results\4_layer\upper\r80\t2.4\t2.4_260_grid2.cif,2.401616938139882,2.9274444815923277,2.470724807446813,2.5732293289982904,6,6,6,7,25,2.249293674692402,2.7518646245574265,2.3730324435128503,2.0587780313448127,12,13,10,14,49,2.317956188919394,2.7948909133486586,2.153118437555725,2.2505348402396943,10,5,12,22,49
D:\New folder\project\results\4_layer\upper\r80\t2.4\t2.4_260_grid4.cif,2.262542385320467,2.887516854088049,2.082007395224128,2.6207781448625265,2,2,2,4,10,2.0833073192048444,2.6725609361140177,3.0,2.5575535599111863,2,2,0,2,6,2.3569804768937868,2.7372590203742884,2.3635307383019306,1.9989913044885466,8,12,12,14,46
D:\New folder\project\results\4_layer\upper\r80\t2.4\t2.4_280_grid1.cif,2.262542385320467,2.887516854088049,2.082007395224128,2.6207781448625265,2,2,2,4,10,2.375228715923124,2.6838403139755838,2.196663730147615,2.274508076486375,6,11,14,10,41,2.1864594818449707,2.991071496405597,3.0,1.9059678029630467,8,3,0,9,20
D:\New folder\project\results\4_layer\upper\r80\t2.4\t2.4_280_grid4.cif,2.262542385320467,2.887516854088049,2.082007395224128,2.6207781448625265,2,2,2,4,10,2.0833073192048444,2.6725609361140177,3.0,2.5575535599111863,2,2,0,2,6,2.3761272696998375,2.706954649276911,2.3936921840981165,2.4800750176220667,10,12,18,8,48
D:\New folder\project\results\4_layer\upper\r80\t2.4\t2.4_320_grid0.cif,2.262542385320467,2.887516854088049,2.082007395224128,2.6207781448625265,2,2,2,4,10,2.4117251939817876,2.879924783172729,2.4300995495272706,2.0632376079959425,2,6,6,12,26,2.37259959061226,2.742169007157505,1.9390057961602047,2.2368959026957262,6,9,14,6,35
D:\New folder\project\results\4_layer\upper\r80\t2.4\t2.4_320_grid1.cif,2.262542385320467,2.887516854088049,2.082007395224128,2.6207781448625265,2,2,2,4,10,2.3725995906122574,2.683840313975583,1.9132172348695382,2.0840656871856607,6,11,14,6,37,1.7718275709780298,2.991071496405597,3.0,2.1920338689544328,2,3,0,11,16
D:\New folder\project\results\4_layer\upper\r80\t2.4\t2.4_320_grid4.cif,2.262542385320467,2.887516854088049,2.082007395224128,2.6207781448625265,2,2,2,4,10,2.0833073192048444,2.6725609361140177,3.0,2.5575535599111863,2,2,0,2,6,2.355008632910641,2.623275806171354,2.3059255408680803,2.4301501721840664,8,10,13,8,39
D:\New folder\project\results\4_layer\upper\r80\t2.4\t2.4_340_grid1.cif,2.3430332019703997,2.8122414350257503,2.046708042695825,2.217320103178103,16,9,6,18,49,2.348321150886028,2.9539533797257795,2.2665727220716057,2.3436482703880173,6,6,7,11,30,2.4177291379329207,2.889837156926655,2.3534482770506524,2.4039630084437933,4,2,1,6,13
D:\New folder\project\results\4_layer\upper\r80\t2.4\t2.4_340_grid2.cif,2.329697079466108,2.8122414350257534,2.4394814452918436,2.2360260765952606,8,9,6,19,42,2.403107145903494,2.9459924557765924,2.417477512075682,2.452195365787446,1,6,7,8,22,2.333269465368409,2.891856664577286,2.356576744405505,2.113165529911492,8,6,2,10,26
D:\New folder\project\results\4_layer\upper\r80\t2.4\t2.4_340_grid4.cif,2.262542385320467,2.887516854088049,2.082007395224128,2.6207781448625265,2,2,2,4,10,2.3725995906122637,2.6520593825141745,1.908237266058181,2.2368959026957325,6,9,14,6,35,2.4707530514231983,2.9520537621596867,3.0,2.2192103120441744,2,4,0,5,11
D:\New folder\project\results\4_layer\upper\r80\t3.6\t3.6_100_grid1.cif,2.1620467765815494,3.1331460306275805,2.4177274435778564,2.7687474612346925,2,2,2,3,9,2.2656889359830332,2.673899192470329,2.0177170183463127,2.0714640644088655,8,2,10,5,25,2.152526153844593,3.003530220546499,2.169897071912683,1.9479375200689966,5,2,9,6,22
D:\New folder\project\results\4_layer\upper\r80\t3.6\t3.6_200_grid1.cif,2.169121572643843,2.7624055074252527,2.1319118021175982,2.1538885773355556,14,11,14,24,63,2.104804628653133,2.8751748980637974,2.108603417649687,2.7532215981620674,2,2,2,3,9,2.349076466804565,2.7185837780815096,2.1853163557970263,2.331647102823282,8,11,15,11,45
D:\New folder\project\results\4_layer\upper\r80\t3.6\t3.6_200_grid3.cif,2.169121572643843,2.7624055074252527,2.1319118021175982,2.1538885773355556,14,11,14,24,63,1.817136170119241,2.8751748980637974,2.4109817818264996,2.7544616915587343,6,2,4,5,17,2.295033234413153,2.361559468672925,2.126064043067557,2.405902456939517,8,7,14,12,41
D:\New folder\project\results\4_layer\upper\r80\t3.6\t3.6_200_grid4.cif,2.187873522645679,2.8734257051045415,1.9603602044160768,1.9608366256619423,11,10,12,21,54,2.1620467765815494,3.1331460306275805,2.4177274435778564,2.7687474612346925,2,2,2,3,9,2.2766991807219443,2.481653023807675,2.3572694342782543,2.248880786844133,5,10,10,19,44
D:\New folder\project\results\4_layer\upper\r80\t3.6\t3.6_320_grid1.cif,2.169121572643843,2.7624055074252527,2.1319118021175982,2.1538885773355556,14,11,14,24,63,2.104804628653133,2.8751748980637974,2.108603417649687,2.7532215981620674,2,2,2,3,9,2.3978068014460825,2.8393225850180066,2.236087203306385,2.657674025076357,8,12,13,8,41
D:\New folder\project\results\4_layer\upper\r80\t3.6\t3.6_340_grid1.cif,2.169121572643843,2.7624055074252527,2.1319118021175982,2.1538885773355556,14,11,14,24,63,2.104804628653133,2.8751748980637974,2.108603417649687,2.7532215981620674,2,2,2,3,9,2.3526521571520447,2.7457593827279863,2.1512087052159443,2.2057963504840283,6,11,14,7,38
D:\New folder\project\results\4_layer\upper\r80\t3.6\t3.6_340_grid4.cif,2.187873522645679,2.8734257051045415,1.9603602044160768,1.9608366256619423,11,10,12,21,54,2.1620467765815494,3.1331460306275805,2.4177274435778564,2.7687474612346925,2,2,2,3,9,2.3623421566940404,2.7795701901402743,2.2814447711919255,2.482247414390904,9,12,14,12,47
D:\New folder\project\results\4_layer\upper\r180\t2.4\t2.4_260_grid0.cif,2.1858386312452778,2.717196841084614,2.215844020664739,1.7732302142017133,1,2,5,2,10,3.0,2.5802021365514745,3.0,1.792891297893813,0,2,0,2,4,2.197506477846263,3.0177014199053778,3.0,1.9550253683897114,3,4,0,10,17
D:\New folder\project\results\4_layer\upper\r200\t0\t0_80_grid4.cif,2.3757348252309596,2.603344614176512,2.2716911972505462,2.1800172970066636,6,6,5,12,29,2.4452829058108643,2.6223384502455844,2.1702177722696243,2.2008349592213947,6,6,8,6,26,2.246515846718438,2.3999273256244815,2.3218687611607995,2.408511919974032,2,5,8,5,20
D:\New folder\project\results\4_layer\upper\r200\t0\t0_200_grid0.cif,2.3064702656758076,2.6725003053005945,2.199494162932117,2.434671628068617,15,11,16,12,54,2.2876252702140705,2.739052498705579,2.543116445263409,2.164156933245014,6,2,4,2,14,1.4982804571157762,2.719698189424553,2.4970130685220644,2.359445079956332,4,4,4,4,16
D:\New folder\project\results\4_layer\upper\r200\t0\t0_200_grid2.cif,2.2876252702140705,2.739052498705579,2.543116445263409,2.164156933245014,6,2,4,2,14,2.4426910685157317,2.9009104284530234,2.273013038084811,2.409269388681046,4,2,6,1,13,2.1584139683224253,3.0,2.7449017764909316,3.0,2,0,2,0,4
D:\New folder\project\results\4_layer\upper\r200\t0\t0_200_grid5.cif,2.2876252702140705,2.739052498705579,2.543116445263409,2.164156933245014,6,2,4,2,14,2.4426910685157317,2.9009104284530234,2.273013038084811,2.409269388681046,4,2,6,1,13,2.2084576299388177,3.0,3.0,2.6673297923111052,4,0,0,2,6
D:\New folder\project\results\4_layer\upper\r200\t0\t0_260_grid6.cif,2.2876252702140705,2.739052498705579,2.543116445263409,2.164156933245014,6,2,4,2,14,2.2891562994164882,2.9009104284530234,2.093833694273311,2.6883543135494623,4,2,2,3,11,2.2247898532806665,2.698436798914706,2.2324692601126244,2.093203082695541,12,8,6,21,47
D:\New folder\project\results\4_layer\upper\r200\t0\t0_280_grid6.cif,2.2876252702140705,2.739052498705579,2.543116445263409,2.164156933245014,6,2,4,2,14,2.2891562994164882,2.9009104284530234,2.093833694273311,2.6883543135494623,4,2,2,3,11,2.1476366110675347,2.5127330654362163,2.356345512466686,2.115868555632472,8,8,8,24,48
D:\New folder\project\results\4_layer\upper\r200\t0\t0_320_grid0.cif,2.4720125029828814,2.739052498705579,3.0,1.7280264977087783,4,2,0,6,12,2.360462480053651,2.672610533946375,2.275112484309234,2.3321778406206084,9,10,12,20,51,2.3713237209483924,3.005130479558422,2.3183004669451623,2.166104786008992,11,6,12,8,37
D:\New folder\project\results\4_layer\upper\r200\t0\t0_320_grid3.cif,2.1450469846505293,2.903401898704969,2.285769122444578,2.3931831441690457,4,8,8,10,30,2.2018159377376976,2.965103426453197,2.265952189551309,2.2004889131595027,14,9,10,15,48,2.4426910685157317,2.9009104284530234,2.273013038084811,2.409269388681046,4,2,6,1,13
D:\New folder\project\results\4_layer\upper\r200\t0\t0_340_grid0.cif,2.2876252702140705,2.739052498705579,2.543116445263409,2.164156933245014,6,2,4,2,14,2.3705048003507057,2.777376754503093,2.236997515555722,2.3274933849117776,11,12,18,16,57,2.2344893074746666,3.005130479558423,2.4074442641814415,2.1639141650549356,12,6,11,10,39
D:\New folder\project\results\4_layer\upper\r200\t0\t0_340_grid6.cif,2.2876252702140705,2.739052498705579,2.543116445263409,2.164156933245014,6,2,4,2,14,2.282439430432986,2.8105331848710904,2.30327928961276,2.4786540245635456,6,4,4,5,19,2.1803330967221806,3.0051304795584226,2.2599198043720166,2.0273915186887352,8,6,15,14,43
D:\New folder\project\results\4_layer\upper\r200\t4.8\t4.8_200_grid4.cif,2.333322536029044,2.589944497784613,2.39476154917214,2.4232595935226184,13,10,12,16,51,2.3191825450767105,2.848046660496726,2.3362279751432813,2.6079003425437017,4,2,4,4,14,2.426295665020837,2.7297057537797658,2.3060910031804362,2.3732181670314842,5,10,10,16,41
D:\New folder\project\results\4_layer\upper\r200\t8.4\t8.4_200_grid6.cif,2.395108818744989,2.906834173348629,2.2982106089032053,2.3827218099037104,8,12,16,14,50,2.246156459208663,2.7482829261946975,2.65094330594863,2.1692312016879747,4,2,4,2,12,2.109547873490073,3.0,2.636004816126234,3.0,4,0,4,0,8
D:\New folder\project\results\4_layer\upper\r200\t9.6\t9.6_100_grid0.cif,2.4125836685586526,2.834975004990472,2.44939570061071,2.4302307380433366,4,2,2,4,12,2.4154995998244444,3.0,2.4507964251770313,2.040653432406617,6,0,6,2,14,2.2453061299857118,2.501525751096024,2.2612507526327112,2.217850204688369,10,11,16,14,51
D:\New folder\project\results\4_layer\upper\r200\t9.6\t9.6_200_grid2.cif,2.219354217827901,2.751546145833961,2.52846499242883,2.354148745795373,6,2,4,3,15,2.288119189238421,2.8898317834890594,2.2323173898457607,2.437140171676782,9,2,12,2,25,2.108924433041403,3.0,3.0,3.0,2,0,0,0,2
D:\New folder\project\results\4_layer\upper\r200\t9.6\t9.6_220_grid2.cif,2.350759409904062,2.892324667425045,2.1367622382331803,2.1861723622266367,10,2,12,4,28,2.248805658866695,2.875654131786229,2.040053773030064,2.6421271150568377,10,4,12,2,28,3.0,3.0,2.583268331477057,3.0,0,0,2,0,2
D:\New folder\project\results\4_layer\upper\r200\t9.6\t9.6_320_grid1.cif,2.350759409904062,2.892324667425045,2.1367622382331803,2.1861723622266367,10,2,12,4,28,2.248805658866695,2.875654131786229,2.040053773030064,2.6421271150568377,10,4,12,2,28,3.0,2.4681365247087674,2.20788330517271,3.0,0,2,2,0,4
D:\New folder\project\results\4_layer\upper\r200\t9.6\t9.6_340_grid1.cif,2.350759409904062,2.892324667425045,2.1367622382331803,2.1861723622266367,10,2,12,4,28,2.248805658866695,2.875654131786229,2.040053773030064,2.6421271150568377,10,4,12,2,28,2.4624014769206877,2.961464812041693,3.0,3.0,1,2,0,0,3
D:\New folder\project\results\4_layer\upper\r200\t9.6\t9.6_340_grid2.cif,2.350759409904062,2.892324667425045,2.1367622382331803,2.1861723622266367,10,2,12,4,28,2.248805658866695,2.875654131786229,2.040053773030064,2.6421271150568377,10,4,12,2,28,2.4591897363870423,2.9605052233771074,3.0,3.0,2,2,0,0,4
D:\New folder\project\results\4_layer\upper\r220\t2.4\t2.4_80_grid0.cif,2.1467823264734016,2.782109313427575,2.2740031660748614,2.1385418831422074,3,2,3,4,12,3.0,2.2369725398464317,3.0,1.7869161899585606,0,2,0,2,4,2.297893196756063,2.4555469032734494,2.1483534590848476,2.181506961861612,6,11,15,13,45
D:\New folder\project\results\4_layer\upper\r280\t7.2\t7.2_80_grid2.cif,2.213294844535226,3.0291399930393177,1.9931380660844635,2.2543985892701746,8,9,8,10,35,2.2732516624503494,2.928164830854639,2.4707951704551023,1.804753181304678,14,6,6,14,40,2.4247737147113773,2.8945510686218254,2.0906997604710424,2.244878102116796,2,2,2,8,14
D:\New folder\project\results\4_layer\upper\r280\t7.2\t7.2_100_grid2.cif,2.261437171764142,3.003044593235628,1.9806234530434679,2.3085306945280006,10,7,6,8,31,2.281895783208905,2.928164830854639,2.245354057110841,1.966226893259693,10,6,7,14,37,2.4247737147113773,2.8945510686218254,2.0906997604710424,2.244878102116796,2,2,2,8,14
D:\New folder\project\results\4_layer\upper\r280\t7.2\t7.2_200_grid1.cif,2.261437171764142,3.003044593235628,1.9806234530434679,2.3085306945280006,10,7,6,8,31,2.181767320726768,2.928164830854639,2.0739629596913143,2.183974687245639,6,6,8,8,28,2.424773714711376,2.8945510686218254,2.0135131774891524,2.244878102116796,4,2,11,8,25
D:\New folder\project\results\4_layer\upper\r280\t7.2\t7.2_200_grid3.cif,2.261437171764142,3.003044593235628,1.9806234530434679,2.3085306945280006,10,7,6,8,31,2.181767320726768,2.928164830854639,2.0739629596913143,2.183974687245639,6,6,8,8,28,2.2603594882235694,2.96450935576439,3.0,2.7299459752453457,2,2,0,2,6
D:\New folder\project\results\4_layer\upper\r280\t7.2\t7.2_220_grid1.cif,2.261437171764142,3.003044593235628,1.9806234530434679,2.3085306945280006,10,7,6,8,31,2.181767320726768,2.928164830854639,2.0739629596913143,2.183974687245639,6,6,8,8,28,2.424596114755666,2.9215641640976364,2.072899468080265,2.2688821988344987,3,3,8,10,24
D:\New folder\project\results\4_layer\upper\r280\t7.2\t7.2_260_grid1.cif,2.261437171764142,3.003044593235628,1.9806234530434679,2.3085306945280006,10,7,6,8,31,2.181767320726768,2.928164830854639,2.0739629596913143,2.183974687245639,6,6,8,8,28,2.288759347596385,2.968027774704108,2.272025815652192,2.2907528104659223,5,5,7,13,30
D:\New folder\project\results\4_layer\upper\r280\t7.2\t7.2_340_grid1.cif,2.261437171764142,3.003044593235628,1.9806234530434679,2.3085306945280006,10,7,6,8,31,2.181767320726768,2.928164830854639,2.0739629596913143,2.183974687245639,6,6,8,8,28,2.412304094105704,2.907168731880953,2.3052482151292972,2.2772130527336825,8,8,8,6,30
D:\New folder\project\results\4_layer\upper\r280\t7.2\t7.2_340_grid2.cif,2.261437171764142,3.003044593235628,1.9806234530434679,2.3085306945280006,10,7,6,8,31,2.181767320726768,2.928164830854639,2.0739629596913143,2.183974687245639,6,6,8,8,28,2.0980631401321816,3.0,2.5630917710378793,3.0,4,0,4,0,8
D:\New folder\project\results\4_layer\upper\r280\t7.2\t7.2_340_grid3.cif,2.261437171764142,3.003044593235628,1.9806234530434679,2.3085306945280006,10,7,6,8,31,2.181767320726768,2.928164830854639,2.0739629596913143,2.183974687245639,6,6,8,8,28,2.228374370652447,2.9404104842705747,3.0,2.2903071000593624,4,2,0,2,8
D:\New folder\project\results\4_layer\upper\r320\t4.8\t4.8_200_grid0.cif,2.3421559788376167,2.413879923676988,2.2437934429749395,2.267334541130381,6,9,16,13,44,2.4201948759957337,3.0,2.4204317182130564,2.5757694737087844,2,0,1,4,7,2.316803850907757,2.4646500931887423,2.469566240391526,2.3569325910584467,11,10,13,18,52
D:\New folder\project\results\4_layer\upper\r320\t4.8\t4.8_200_grid3.cif,2.3421559788376167,2.413879923676988,2.2437934429749395,2.267334541130381,6,9,16,13,44,2.4201948759957337,3.0,2.4204317182130564,2.5757694737087844,2,0,1,4,7,2.4139278988520148,3.0005062711955808,2.066287187127151,2.2383307125535046,4,6,10,12,32
D:\New folder\project\results\4_layer\upper\r320\t4.8\t4.8_200_grid5.cif,2.315096976943395,2.4384380944261874,2.336771809858244,2.350670616098363,4,4,8,4,20,2.314241825642666,2.701466508729572,2.4324140374823924,2.3042260257216265,7,9,12,19,47,2.393160985690402,2.5971617606898327,2.0781008391424525,2.1960678255393584,6,8,6,14,34
D:\New folder\project\results\4_layer\upper\r320\t4.8\t4.8_220_grid0.cif,2.3421559788376167,2.413879923676988,2.2437934429749395,2.267334541130381,6,9,16,13,44,2.4201948759957337,3.0,2.4204317182130564,2.5757694737087844,2,0,1,4,7,2.3641953932652826,2.464650093188741,2.3611361376256395,2.3194818877020538,8,10,13,16,47
D:\New folder\project\results\4_layer\upper\r320\t4.8\t4.8_220_grid3.cif,2.3421559788376167,2.413879923676988,2.2437934429749395,2.267334541130381,6,9,16,13,44,2.4201948759957337,3.0,2.4204317182130564,2.5757694737087844,2,0,1,4,7,2.4139278988520187,3.0474054715689367,2.3817604152393583,1.9895562500316186,2,4,4,12,22
D:\New folder\project\results\4_layer\upper\r320\t4.8\t4.8_260_grid2.cif,2.3421559788376167,2.413879923676988,2.2437934429749395,2.267334541130381,6,9,16,13,44,2.4201948759957337,3.0,2.4204317182130564,2.5757694737087844,2,0,1,4,7,2.387886152073522,3.033355707988731,2.744980347535577,3.0,4,2,2,0,8
D:\New folder\project\results\4_layer\upper\r320\t4.8\t4.8_280_grid2.cif,2.3421559788376167,2.413879923676988,2.2437934429749395,2.267334541130381,6,9,16,13,44,2.4201948759957337,3.0,2.4204317182130564,2.5757694737087844,2,0,1,4,7,2.1191265193054845,3.0,2.1499188037441934,3.0,2,0,2,0,4
D:\New folder\project\results\4_layer\upper\r320\t4.8\t4.8_320_grid1.cif,2.3421559788376167,2.413879923676988,2.2437934429749395,2.267334541130381,6,9,16,13,44,2.4201948759957337,3.0,2.4204317182130564,2.5757694737087844,2,0,1,4,7,2.2610277836209094,3.060471102327505,2.490168509351086,2.141939646954181,8,2,6,4,20
D:\New folder\project\results\4_layer\upper\r320\t4.8\t4.8_320_grid3.cif,2.3421559788376167,2.413879923676988,2.2437934429749395,2.267334541130381,6,9,16,13,44,2.4201948759957337,3.0,2.4204317182130564,2.5757694737087844,2,0,1,4,7,2.4046984959312074,2.9165222460511497,2.2886706151707843,2.216191398258144,7,8,8,18,41
D:\New folder\project\results\4_layer\upper\r320\t4.8\t4.8_340_grid0.cif,2.3421559788376167,2.413879923676988,2.2437934429749395,2.267334541130381,6,9,16,13,44,2.4201948759957337,3.0,2.4204317182130564,2.5757694737087844,2,0,1,4,7,2.3436672584065037,2.5069280008052983,2.384316373799196,2.4221595469163772,13,10,11,18,52
D:\New folder\project\results\4_layer\upper\r320\t4.8\t4.8_340_grid1.cif,2.3421559788376167,2.413879923676988,2.2437934429749395,2.267334541130381,6,9,16,13,44,2.4201948759957337,3.0,2.4204317182130564,2.5757694737087844,2,0,1,4,7,2.4255751839832795,2.941325216993337,2.684369037511677,2.142867880216904,2,4,4,14,24
D:\New folder\project\results\4_layer\upper\r320\t4.8\t4.8_340_grid3.cif,2.3421559788376167,2.413879923676988,2.2437934429749395,2.267334541130381,6,9,16,13,44,2.4201948759957337,3.0,2.4204317182130564,2.5757694737087844,2,0,1,4,7,2.4398910124087414,2.9165222460511475,2.337919464682112,2.266662566241185,4,8,8,17,37
D:\New folder\project\results\4_layer\upper\r320\t6.0\t6.0_260_grid0.cif,2.3954610769148736,2.6805416133249897,2.153800662340379,2.1369249443135203,12,8,7,18,45,1.9344605790918636,2.994920535713286,2.0379964079080937,2.1256832134302606,4,1,1,8,14,2.1704484432400126,3.0,2.5933661715012404,3.0,8,0,4,0,12
D:\New folder\project\results\4_layer\upper\r320\t6.0\t6.0_280_grid0.cif,2.3954610769148736,2.6805416133249897,2.153800662340379,2.1369249443135203,12,8,7,18,45,1.9344605790918636,2.994920535713286,2.0379964079080937,2.1256832134302606,4,1,1,8,14,1.503310524724532,3.100046780243697,2.4165147867412395,2.7211311194095487,6,2,2,1,11
D:\New folder\project\results\4_layer\upper\r320\t6.0\t6.0_280_grid3.cif,2.3954610769148736,2.6805416133249897,2.153800662340379,2.1369249443135203,12,8,7,18,45,1.9344605790918636,2.994920535713286,2.0379964079080937,2.1256832134302606,4,1,1,8,14,2.365156266786541,2.8973117190577726,2.5079534493372178,2.482532142180699,4,2,2,2,10
D:\New folder\project\results\4_layer\upper\r320\t6.0\t6.0_320_grid3.cif,2.3954610769148736,2.6805416133249897,2.153800662340379,2.1369249443135203,12,8,7,18,45,1.9344605790918636,2.994920535713286,2.0379964079080937,2.1256832134302606,4,1,1,8,14,1.7672977980472406,3.0,2.608889703588008,2.512856048183921,3,0,4,4,11
D:\New folder\project\results\4_layer\upper\r320\t6.0\t6.0_340_grid2.cif,2.3954610769148736,2.6805416133249897,2.153800662340379,2.1369249443135203,12,8,7,18,45,1.9344605790918636,2.994920535713286,2.0379964079080937,2.1256832134302606,4,1,1,8,14,2.1659447798114413,3.0449718299090835,2.47025835937713,2.2103240657506875,4,4,7,9,24
D:\New folder\project\results\4_layer\upper\r320\t8.4\t8.4_80_grid1.cif,2.3514029712876123,2.393637839826181,2.474951778310369,2.3505421654432097,7,10,13,16,46,1.7791137098083631,3.0,2.027322504458356,2.2148123412613048,4,0,2,4,10,1.7996277896353814,3.0,3.0,2.0946335918727117,2,0,0,2,4
D:\New folder\project\results\4_layer\upper\r320\t8.4\t8.4_100_grid0.cif,2.3223992204421933,2.429013363034363,2.3448097052344683,2.2082247618987525,7,8,10,21,46,1.7791137098083631,3.0,2.027322504458356,2.2148123412613048,4,0,2,4,10,3.0,3.0,3.0,2.810102488825735,0,0,0,1,1
D:\New folder\project\results\4_layer\upper\r320\t8.4\t8.4_200_grid0.cif,2.3514029712876123,2.393637839826181,2.474951778310369,2.3505421654432097,7,10,13,16,46,1.7791137098083631,3.0,2.027322504458356,2.2148123412613048,4,0,2,4,10,2.3456663552654247,2.374660008329036,2.323839298331469,2.327482976685437,5,9,12,15,41
D:\New folder\project\results\4_layer\upper\r320\t8.4\t8.4_200_grid3.cif,2.3223992204421933,2.429013363034363,2.3448097052344683,2.2082247618987525,7,8,10,21,46,1.7791137098083631,3.0,2.027322504458356,2.2148123412613048,4,0,2,4,10,2.3456663552654273,2.41890033735765,2.34332483171351,2.3662421557875364,5,9,14,13,41
D:\New folder\project\results\4_layer\upper\r320\t8.4\t8.4_220_grid3.cif,2.3223992204421933,2.429013363034363,2.3448097052344683,2.2082247618987525,7,8,10,21,46,1.7791137098083631,3.0,2.027322504458356,2.2148123412613048,4,0,2,4,10,2.381152863108472,2.507678809193351,2.1242255282615816,2.3111564563777947,4,11,18,12,45
D:\New folder\project\results\4_layer\upper\r320\t8.4\t8.4_260_grid0.cif,2.3514029712876123,2.393637839826181,2.474951778310369,2.3505421654432097,7,10,13,16,46,1.7791137098083631,3.0,2.027322504458356,2.2148123412613048,4,0,2,4,10,2.366683808324251,2.793356091917314,2.274972527013832,2.3289544032146368,8,12,21,8,49
D:\New folder\project\results\4_layer\upper\r320\t8.4\t8.4_280_grid0.cif,2.3514029712876123,2.393637839826181,2.474951778310369,2.3505421654432097,7,10,13,16,46,1.7791137098083631,3.0,2.027322504458356,2.2148123412613048,4,0,2,4,10,2.2465933590338962,2.8097174813575045,2.287776293576915,2.3132537341950776,7,14,14,13,48
D:\New folder\project\results\4_layer\upper\r320\t8.4\t8.4_320_grid0.cif,2.3223992204421933,2.429013363034363,2.3448097052344683,2.2082247618987525,7,8,10,21,46,1.7791137098083631,3.0,2.027322504458356,2.2148123412613048,4,0,2,4,10,2.40814163185375,2.830719455277977,2.5705626736722476,1.9877866919647253,6,4,5,6,21
D:\New folder\project\results\4_layer\upper\r320\t8.4\t8.4_320_grid3.cif,2.3223992204421933,2.429013363034363,2.3448097052344683,2.2082247618987525,7,8,10,21,46,1.7791137098083631,3.0,2.027322504458356,2.2148123412613048,4,0,2,4,10,2.3305072023094713,2.4941369049369806,2.2790155874041185,2.4290323378025716,9,9,14,12,44
D:\New folder\project\results\4_layer\upper\r320\t8.4\t8.4_340_grid0.cif,2.3514029712876123,2.393637839826181,2.474951778310369,2.3505421654432097,7,10,13,16,46,1.7791137098083631,3.0,2.027322504458356,2.2148123412613048,4,0,2,4,10,2.330507202309471,2.6578886147429057,2.251710586225698,2.4736671375874533,9,9,13,10,41
D:\New folder\project\results\4_layer\upper\r320\t8.4\t8.4_340_grid3.cif,2.3223992204421933,2.429013363034363,2.3448097052344683,2.2082247618987525,7,8,10,21,46,1.7791137098083631,3.0,2.027322504458356,2.2148123412613048,4,0,2,4,10,2.3305072023094717,2.4941369049369837,2.2941244487084878,2.4237949005878905,9,9,13,13,44
D:\New folder\project\results\4_layer\upper\r340\t3.6\t3.6_100_grid2.cif,2.4020480391373717,2.5596872610928774,2.234039587860237,2.2860374685089333,4,8,8,14,34,2.345379991036364,2.6800028475583906,2.1508991463772147,2.326968465182066,7,5,6,8,26,2.2004210450330106,2.933414102848809,2.3998695051027505,2.466004064367608,5,3,10,3,21
D:\New folder\project\results\4_layer\upper\r340\t3.6\t3.6_200_grid2.cif,2.4020480391373717,2.5596872610928774,2.234039587860237,2.2860374685089333,4,8,8,14,34,2.345379991036364,2.6800028475583906,2.1508991463772147,2.326968465182066,7,5,6,8,26,2.118705165702005,2.899904979993897,2.3698742899540446,2.4647098622778976,6,5,5,8,24
D:\New folder\project\results\4_layer\upper\r340\t3.6\t3.6_220_grid2.cif,2.4020480391373717,2.5596872610928774,2.234039587860237,2.2860374685089333,4,8,8,14,34,2.345379991036364,2.6800028475583906,2.1508991463772147,2.326968465182066,7,5,6,8,26,2.1530836191122162,2.899904979993896,2.5054561189571243,2.2510453445728267,8,5,5,10,28
D:\New folder\project\results\4_layer\upper\r340\t3.6\t3.6_260_grid2.cif,2.4020480391373717,2.5596872610928774,2.234039587860237,2.2860374685089333,4,8,8,14,34,2.345379991036364,2.6800028475583906,2.1508991463772147,2.326968465182066,7,5,6,8,26,2.124678433707014,2.9570280836368483,2.2345954943417756,2.565323633037526,6,3,7,4,20
D:\New folder\project\results\4_layer\upper\r340\t3.6\t3.6_340_grid1.cif,2.3263681162603334,2.4178598046727426,2.3818397606730675,2.389969657069746,9,9,15,14,47,2.2257627381498524,2.743905863994149,1.62183004040451,3.0,4,2,4,0,10,2.3570028076999825,2.8857396370374233,2.3415031991403605,2.306144417989238,12,12,9,20,53
D:\New folder\project\results\4_layer\upper\r340\t3.6\t3.6_340_grid2.cif,2.4020480391373717,2.5596872610928774,2.234039587860237,2.2860374685089333,4,8,8,14,34,2.345379991036364,2.6800028475583906,2.1508991463772147,2.326968465182066,7,5,6,8,26,2.3670599359119384,2.7157181100977357,2.1007899548948954,2.290424569086679,5,6,7,8,26
D:\New folder\project\results\4_layer\upper\r340\t4.8\t4.8_200_grid2.cif,2.3113937830780342,2.9917288574314815,2.088129428043609,2.0249378897650963,9,7,15,11,42,2.3088601837899505,2.865181646314105,2.4921257136500596,2.0425386180847327,8,2,6,6,22,2.2021988876800336,2.57826697304469,2.6319977365990948,2.769592787307052,8,2,4,2,16
D:\New folder\project\results\4_layer\upper\r340\t4.8\t4.8_200_grid3.cif,2.3113937830780342,2.9917288574314815,2.088129428043609,2.0249378897650963,9,7,15,11,42,2.3088601837899505,2.865181646314105,2.4921257136500596,2.0425386180847327,8,2,6,6,22,2.401898075215649,3.0,3.0,2.8169174566708657,6,0,0,2,8
D:\New folder\project\results\4_layer\upper\r340\t4.8\t4.8_220_grid2.cif,2.334155572341064,2.6645094825042888,2.3032482049796132,2.3549718057253175,13,13,12,15,53,2.419897456733978,2.7056295782279154,2.29211031065339,1.727160971733443,4,2,2,2,10,2.285434623469677,2.7559747781697252,2.03908069517678,2.339054235256384,10,10,10,19,49
D:\New folder\project\results\4_layer\upper\r340\t4.8\t4.8_220_grid3.cif,2.3113937830780342,2.9917288574314815,2.088129428043609,2.0249378897650963,9,7,15,11,42,2.3088601837899505,2.865181646314105,2.4921257136500596,2.0425386180847327,8,2,6,6,22,2.1522651923722393,3.0811648182532663,2.4555250771319512,2.628498814661871,6,1,2,3,12
D:\New folder\project\results\4_layer\upper\r340\t4.8\t4.8_320_grid1.cif,2.334155572341064,2.6645094825042888,2.3032482049796132,2.3549718057253175,13,13,12,15,53,2.419897456733978,2.7056295782279154,2.29211031065339,1.727160971733443,4,2,2,2,10,2.32745890770404,2.9817439337960403,1.6566630667327793,2.215302116397148,9,5,3,9,26
D:\New folder\project\results\4_layer\upper\r340\t4.8\t4.8_320_grid4.cif,2.334155572341064,2.6645094825042888,2.3032482049796132,2.3549718057253175,13,13,12,15,53,2.1639704369473964,2.714574657814294,2.263942552361898,2.1440520954171163,17,6,2,14,39,2.243244950301194,2.687746581365594,1.9141425709908868,2.2337479451592737,8,11,7,20,46
D:\New folder\project\results\4_layer\upper\r340\t4.8\t4.8_340_grid2.cif,2.3113937830780342,2.9917288574314815,2.088129428043609,2.0249378897650963,9,7,15,11,42,2.3088601837899505,2.865181646314105,2.4921257136500596,2.0425386180847327,8,2,6,6,22,3.0,2.976460148628262,2.3506678396102823,3.0,0,2,2,0,4
D:\New folder\project\results\4_layer\upper\r340\t6.0\t6.0_100_grid3.cif,2.2817118836650625,2.781017456176885,1.9998044344644552,2.347809810363899,8,11,16,14,49,2.1703722742820006,2.7485074647607033,2.3614589966043384,1.9778790735285219,4,2,2,2,10,2.037274530966051,3.0878188763084298,3.0,1.7925901296363715,11,2,0,12,25
D:\New folder\project\results\4_layer\upper\r340\t6.0\t6.0_200_grid2.cif,2.2817118836650625,2.781017456176885,1.9998044344644552,2.347809810363899,8,11,16,14,49,2.1703722742820006,2.7485074647607033,2.3614589966043384,1.9778790735285219,4,2,2,2,10,3.0,3.0,3.0,3.0,0,0,0,0,0
D:\New folder\project\results\4_layer\upper\r340\t6.0\t6.0_200_grid3.cif,2.4220538687230966,2.439569577208848,2.5258814274421013,2.2403671602082564,5,4,6,14,29,2.292462007463339,2.979944900077465,2.190077979521449,2.022854155384456,9,7,14,2,32,2.436441861897104,2.8562987777605393,2.279853224268119,2.2865758876083317,6,7,8,10,31
D:\New folder\project\results\4_layer\upper\r340\t6.0\t6.0_220_grid2.cif,2.2817118836650625,2.781017456176885,1.9998044344644552,2.347809810363899,8,11,16,14,49,2.1703722742820006,2.7485074647607033,2.3614589966043384,1.9778790735285219,4,2,2,2,10,2.4420099584918438,3.0,2.810537707360811,3.0,2,0,2,0,4
D:\New folder\project\results\4_layer\upper\r340\t6.0\t6.0_320_grid3.cif,2.2817118836650625,2.781017456176885,1.9998044344644552,2.347809810363899,8,11,16,14,49,2.1703722742820006,2.7485074647607033,2.3614589966043384,1.9778790735285219,4,2,2,2,10,2.191894608349088,2.672031109771673,2.5938066926486285,2.3133974968407354,4,2,2,4,12
D:\New folder\project\results\4_layer\upper\r340\t6.0\t6.0_340_grid0.cif,2.2817118836650625,2.781017456176885,1.9998044344644552,2.347809810363899,8,11,16,14,49,2.1703722742820006,2.7485074647607033,2.3614589966043384,1.9778790735285219,4,2,2,2,10,2.3974814413419754,1.614539535142859,1.6641832249357802,2.7701493321491513,4,2,2,2,10
D:\New folder\project\results\4_layer\upper\r340\t6.0\t6.0_340_grid2.cif,2.2817118836650625,2.781017456176885,1.9998044344644552,2.347809810363899,8,11,16,14,49,2.1703722742820006,2.7485074647607033,2.3614589966043384,1.9778790735285219,4,2,2,2,10,2.0823167375453346,3.0338291824531263,1.374797361903551,2.4272197677942384,4,2,2,4,12
