file_id,file_path,adjusted_energy,geometric_center_distance,X,Y,Z
r0_t0_t0_240.cif,d:\New folder\project\data\r0\t0\t0_240.cif,-0.0011700000000018,7.729099203720706,2.626428397123717,-0.908362379080162,7.212192881780826
r0_t1.2_t1.2_240.cif,d:\New folder\project\data\r0\t1.2\t1.2_240.cif,-0.010499999999979,7.359408152728123,1.128858029370462,-0.8547930260841471,7.221903958827264
r0_t1.2_t1.2_260.cif,d:\New folder\project\data\r0\t1.2\t1.2_260.cif,-0.0539400000000114,6.907801879054776,0.9016654579305272,-0.5167222867551884,6.82918181633921
r0_t2.4_t2.4_240.cif,d:\New folder\project\data\r0\t2.4\t2.4_240.cif,-0.0839599999999336,7.4055330360661555,0.3368119716232128,-1.2933102441970934,7.283943015722552
r0_t2.4_t2.4_260.cif,d:\New folder\project\data\r0\t2.4\t2.4_260.cif,-0.1451499999999441,6.885280699324378,0.5296767724311062,-0.4396068593336112,6.85078671646276
r0_t3.6_t3.6_220.cif,d:\New folder\project\data\r0\t3.6\t3.6_220.cif,-0.0057600000000093,7.876772826214764,-0.468398914473352,-1.062880588419555,7.790663480569316
r0_t3.6_t3.6_240.cif,d:\New folder\project\data\r0\t3.6\t3.6_240.cif,-0.073509999999942,7.52948209823559,-0.7820080827098155,-0.7380201293754267,7.452307717402941
r0_t4.8_t4.8_0.cif,d:\New folder\project\data\r0\t4.8\t4.8_0.cif,-0.1057899999999563,7.863764072215505,1.5026910093131112,-1.2441486446357757,7.617926178695084
r0_t4.8_t4.8_100.cif,d:\New folder\project\data\r0\t4.8\t4.8_100.cif,-0.1297200000000202,6.927378324842133,1.091978865271127,-1.0961676435353016,6.752375071821769
r0_t4.8_t4.8_120.cif,d:\New folder\project\data\r0\t4.8\t4.8_120.cif,-0.0025399999999535,7.022300235714751,0.859002507611728,-0.811713649318024,6.922133792693336
r0_t4.8_t4.8_320.cif,d:\New folder\project\data\r0\t4.8\t4.8_320.cif,-0.0777699999999868,7.404480504032241,0.5131247019561145,-0.742220702879016,7.349295408612568
r0_t6.0_t6.0_100.cif,d:\New folder\project\data\r0\t6.0\t6.0_100.cif,-0.1408799999999246,6.831992055066123,-0.1826206976299771,-1.0628434715552475,6.746341888479723
r0_t7.2_t7.2_100.cif,d:\New folder\project\data\r0\t7.2\t7.2_100.cif,-0.0314700000000129,6.910846750414925,-0.8843033079617839,-1.114409538305739,6.762832383563973
r20_t1.2_t1.2_260.cif,d:\New folder\project\data\r20\t1.2\t1.2_260.cif,-0.090249999999969,6.679299951100404,0.9858791492870242,-0.8206222168933361,6.554972869273527
r20_t2.4_t2.4_260.cif,d:\New folder\project\data\r20\t2.4\t2.4_260.cif,-0.1518800000000055,6.620083051257403,0.492048968025093,-0.7746530788062794,6.556165039572061
r20_t3.6_t3.6_240.cif,d:\New folder\project\data\r20\t3.6\t3.6_240.cif,-0.0480799999999135,7.223536080564494,-0.5651288813154465,-0.9111860925310842,7.143517534065283
r20_t3.6_t3.6_260.cif,d:\New folder\project\data\r20\t3.6\t3.6_260.cif,-0.1128800000000183,6.755980851208633,-0.8063507512981201,-0.6570779582885085,6.675426899046238
r20_t6.0_t6.0_100.cif,d:\New folder\project\data\r20\t6.0\t6.0_100.cif,-0.0301599999999098,6.538442292925026,-0.1553021381167268,-1.3340231216400884,6.39902267340386
r40_t0_t0_340.cif,d:\New folder\project\data\r40\t0\t0_340.cif,-0.1323999999999614,6.730007604891693,0.5515302538011658,-1.4459523090932058,6.549659430907081
r60_t9.6_t9.6_300.cif,d:\New folder\project\data\r60\t9.6\t9.6_300.cif,-0.0922799999999597,6.057237854062925,0.136119654529995,-1.00173513137298,5.9722800157826335
r80_t0_t0_240.cif,d:\New folder\project\data\r80\t0\t0_240.cif,-0.2215099999999665,5.496504064452711,0.2372236832326845,-0.4616162967984085,5.471945928935045
r80_t1.2_t1.2_180.cif,d:\New folder\project\data\r80\t1.2\t1.2_180.cif,-0.10191999999995,7.018789759730302,0.6919373511010569,-1.182239719575676,6.883817374023212
r80_t1.2_t1.2_200.cif,d:\New folder\project\data\r80\t1.2\t1.2_200.cif,-0.1152700000000095,6.866356181062203,0.6717366046538495,-1.304943878231008,6.707662678895432
r80_t1.2_t1.2_220.cif,d:\New folder\project\data\r80\t1.2\t1.2_220.cif,-0.2998000000000047,6.3245758421579445,0.5906563562396002,-0.9401130756788428,6.226361060601874
r80_t1.2_t1.2_240.cif,d:\New folder\project\data\r80\t1.2\t1.2_240.cif,-0.2206599999999525,5.904986344449103,0.4668033280516763,-0.721576465480051,5.842113126730394
r80_t1.2_t1.2_280.cif,d:\New folder\project\data\r80\t1.2\t1.2_280.cif,-0.0515199999999822,5.566608018415478,0.386443143109129,-1.1341387570743695,5.436130591471588
r80_t2.4_t2.4_100.cif,d:\New folder\project\data\r80\t2.4\t2.4_100.cif,-0.4458199999999124,5.4326038292832335,1.199383540502538,-0.5604959183431372,5.268824139619307
r80_t2.4_t2.4_160.cif,d:\New folder\project\data\r80\t2.4\t2.4_160.cif,-0.085299999999961,6.791364933132001,0.8405175527528573,-1.4945788383595031,6.5713318280556585
r80_t2.4_t2.4_180.cif,d:\New folder\project\data\r80\t2.4\t2.4_180.cif,-0.1897900000000163,6.966045032809605,0.0905700560611004,-1.2386159819138312,6.854444610136119
r80_t2.4_t2.4_200.cif,d:\New folder\project\data\r80\t2.4\t2.4_200.cif,-0.2815399999999499,6.781401173534181,0.5735057808669151,-1.1708262476045967,6.654897361615965
r80_t2.4_t2.4_220.cif,d:\New folder\project\data\r80\t2.4\t2.4_220.cif,-0.3068599999999151,6.4083914645885525,0.4595202483196342,-0.9676401196599308,6.318227196264803
r80_t2.4_t2.4_280.cif,d:\New folder\project\data\r80\t2.4\t2.4_280.cif,-0.0430299999999306,5.694964261796998,0.3183885882052907,-1.1808035411196507,5.562099392075348
r80_t2.4_t2.4_60.cif,d:\New folder\project\data\r80\t2.4\t2.4_60.cif,-0.1043700000000171,5.89325816712057,0.935500995232651,-1.2019932610326622,5.69302572562992
r80_t2.4_t2.4_80.cif,d:\New folder\project\data\r80\t2.4\t2.4_80.cif,-0.4362999999999601,5.482989261335752,1.1542598687141674,-0.9268993957754216,5.27936671443747
r80_t3.6_t3.6_100.cif,d:\New folder\project\data\r80\t3.6\t3.6_100.cif,-0.5482999999999265,5.312396503328415,-0.4863701327978007,-0.6749940407736481,5.246845123254381
r80_t3.6_t3.6_120.cif,d:\New folder\project\data\r80\t3.6\t3.6_120.cif,-0.0675599999999576,6.344934209526083,-0.5225168838984389,-1.2652836469316742,6.195500264067683
r80_t3.6_t3.6_180.cif,d:\New folder\project\data\r80\t3.6\t3.6_180.cif,-0.009239999999977,7.371805365802712,-1.097612466735351,-1.4251107854908345,7.148973385964063
r80_t3.6_t3.6_200.cif,d:\New folder\project\data\r80\t3.6\t3.6_200.cif,-0.0806499999999914,7.237510198706667,-1.2971204664960387,-1.0989259033149006,7.035012027765386
r80_t3.6_t3.6_220.cif,d:\New folder\project\data\r80\t3.6\t3.6_220.cif,-0.2708599999999705,6.509538227548379,-1.230367537608951,-0.8065192878934581,6.341120586818044
r80_t3.6_t3.6_240.cif,d:\New folder\project\data\r80\t3.6\t3.6_240.cif,-0.3855800000000045,6.0292687409166765,-1.1155286987098378,-1.1175515121034456,5.81882770756662
r80_t3.6_t3.6_60.cif,d:\New folder\project\data\r80\t3.6\t3.6_60.cif,-0.2660199999999122,5.733079466569256,-0.7012991728680833,-1.3321406585713984,5.531887644006658
r80_t3.6_t3.6_80.cif,d:\New folder\project\data\r80\t3.6\t3.6_80.cif,-0.5731499999999414,5.383524905675838,-0.533030009105542,-1.0010981557357044,5.262701008228337
r80_t4.8_t4.8_100.cif,d:\New folder\project\data\r80\t4.8\t4.8_100.cif,-0.4850799999999253,5.458050419159546,0.3513079970676626,-0.6558286158395517,5.407105130837571
r80_t4.8_t4.8_120.cif,d:\New folder\project\data\r80\t4.8\t4.8_120.cif,-0.0134199999999964,6.333904309737506,0.2427220823716798,-1.128034499219135,6.2279184294764125
r80_t4.8_t4.8_80.cif,d:\New folder\project\data\r80\t4.8\t4.8_80.cif,-0.5464299999999866,5.416262026108518,0.1794455434569042,-0.932073317606284,5.3324415573923565
r80_t6.0_t6.0_100.cif,d:\New folder\project\data\r80\t6.0\t6.0_100.cif,-0.4892699999999195,5.309215856837575,0.2212226677224328,-0.5625630242780226,5.274690170000176
r80_t6.0_t6.0_80.cif,d:\New folder\project\data\r80\t6.0\t6.0_80.cif,-0.4796799999999166,5.364060680197618,0.1702766271499012,-0.9637028820751098,5.274033523421017
r80_t8.4_t8.4_240.cif,d:\New folder\project\data\r80\t8.4\t8.4_240.cif,-0.0194999999999936,5.756812342376767,-0.4915953910498135,-0.7331737149600208,5.688732602305349
r80_t9.6_t9.6_240.cif,d:\New folder\project\data\r80\t9.6\t9.6_240.cif,-0.0823500000000194,5.9186727284234895,0.7681513469023994,-0.3726329888424988,5.85677172425751
r100_t0_t0_200.cif,d:\New folder\project\data\r100\t0\t0_200.cif,-0.4758199999999988,6.362692703432893,1.6428599808916302,-0.9134734619336498,6.0786870092023895
r100_t0_t0_220.cif,d:\New folder\project\data\r100\t0\t0_220.cif,-0.2175899999999728,5.912648214703938,0.6840841041682094,-1.1397860249274443,5.761278127867647
r100_t0_t0_240.cif,d:\New folder\project\data\r100\t0\t0_240.cif,-0.303199999999947,5.570744760697794,0.4791763851604899,-0.744538971400232,5.499931717831843
r100_t1.2_t1.2_200.cif,d:\New folder\project\data\r100\t1.2\t1.2_200.cif,-0.3410399999999072,6.529369279138762,0.4391258653188551,-0.986422866103852,6.439472151271132
r100_t1.2_t1.2_220.cif,d:\New folder\project\data\r100\t1.2\t1.2_220.cif,-0.5496499999999287,6.1099919606739,0.5493014080390448,-0.8107515119054676,6.03099922969395
r100_t1.2_t1.2_240.cif,d:\New folder\project\data\r100\t1.2\t1.2_240.cif,-0.5346299999999928,5.809805418022249,0.3057510807647553,-0.5666947755719177,5.77401180317735
r100_t2.4_t2.4_180.cif,d:\New folder\project\data\r100\t2.4\t2.4_180.cif,-0.2080899999999701,6.857300913999428,0.0159697605705721,-1.4909981547616356,6.693223834176032
r100_t2.4_t2.4_220.cif,d:\New folder\project\data\r100\t2.4\t2.4_220.cif,-0.6094799999999623,6.061973036225817,-0.0997402324419303,-0.8276695527975308,6.0043760782726805
r100_t2.4_t2.4_60.cif,d:\New folder\project\data\r100\t2.4\t2.4_60.cif,-0.4490899999999556,5.518775767761709,1.3463265719381174,-1.5076612240266325,5.135294380081215
r100_t2.4_t2.4_80.cif,d:\New folder\project\data\r100\t2.4\t2.4_80.cif,-0.4767999999999119,5.4987937570082055,1.334127148245913,-1.1724184743643429,5.204063071811758
r100_t3.6_t3.6_200.cif,d:\New folder\project\data\r100\t3.6\t3.6_200.cif,-0.1123400000000174,7.063184134727145,-1.100899382459433,-1.3365517894711447,6.8476433891393
r100_t3.6_t3.6_220.cif,d:\New folder\project\data\r100\t3.6\t3.6_220.cif,-0.3566399999999703,6.378084851344664,-0.7031578207373168,-0.9711824196228536,6.264370691290845
r100_t3.6_t3.6_80.cif,d:\New folder\project\data\r100\t3.6\t3.6_80.cif,-0.563419999999951,5.362614965186169,-0.3441964727308435,-1.2708750760623484,5.19846559996715
r100_t4.8_t4.8_80.cif,d:\New folder\project\data\r100\t4.8\t4.8_80.cif,-0.5498999999999796,5.424058206628409,0.3606535063295448,-1.2176028920229052,5.273308228674165
r100_t6.0_t6.0_100.cif,d:\New folder\project\data\r100\t6.0\t6.0_100.cif,-0.4259299999999939,5.427033488782495,0.3600754686365569,-0.7280393773826799,5.365910622646738
r100_t6.0_t6.0_80.cif,d:\New folder\project\data\r100\t6.0\t6.0_80.cif,-0.4788300000000163,5.335613852426063,0.3217137858722438,-1.180075120300953,5.19352463483397
r100_t8.4_t8.4_240.cif,d:\New folder\project\data\r100\t8.4\t8.4_240.cif,-0.3011099999999942,5.453177864314516,-0.1685749013851224,-0.7213130706661053,5.402632578341698
r100_t9.6_t9.6_220.cif,d:\New folder\project\data\r100\t9.6\t9.6_220.cif,-0.4899799999999459,6.269912222192924,1.868648907149056,-0.9164432665599688,5.914396188537909
r100_t9.6_t9.6_240.cif,d:\New folder\project\data\r100\t9.6\t9.6_240.cif,-0.2565999999999349,5.734334173229718,0.7067533149295646,-0.7151435315143932,5.645498905450195
r160_t0_t0_300.cif,d:\New folder\project\data\r160\t0\t0_300.cif,-0.0509299999999939,6.5386792267495375,0.8031215217739683,-0.6609217248786642,6.455424410925498
r160_t0_t0_320.cif,d:\New folder\project\data\r160\t0\t0_320.cif,-0.2132100000000036,6.554835927128219,1.427512193150398,-0.2378848172201719,6.393081712579148
r160_t1.2_t1.2_300.cif,d:\New folder\project\data\r160\t1.2\t1.2_300.cif,-0.2994099999999662,6.235594448529011,-0.1026468315988066,-0.5536851677096237,6.210115497279171
r160_t1.2_t1.2_320.cif,d:\New folder\project\data\r160\t1.2\t1.2_320.cif,-0.2972699999999122,6.401895691879397,0.1783883588021114,-0.2103330258891788,6.3959523185658735
r160_t3.6_t3.6_160.cif,d:\New folder\project\data\r160\t3.6\t3.6_160.cif,-0.0913999999999077,7.615806351389073,-0.6879538209637356,-1.221661379488609,7.4856375410478915
r160_t9.6_t9.6_300.cif,d:\New folder\project\data\r160\t9.6\t9.6_300.cif,-0.1723299999999881,6.471851956855971,1.2235163860643703,-0.6166366341750414,6.325158864873334
r160_t9.6_t9.6_320.cif,d:\New folder\project\data\r160\t9.6\t9.6_320.cif,-0.2024299999999357,6.594839206120053,1.3985715125883331,-0.3254520520910396,6.436612683744788
r180_t0_t0_300.cif,d:\New folder\project\data\r180\t0\t0_300.cif,-0.2296599999999671,6.371480923222922,1.656513337001876,-0.6643621423006061,6.116400547969882
r180_t0_t0_320.cif,d:\New folder\project\data\r180\t0\t0_320.cif,-0.244609999999966,6.602514720447425,1.416121565356883,-0.5626758007003564,6.424266206280864
r180_t0_t0_340.cif,d:\New folder\project\data\r180\t0\t0_340.cif,-0.2455699999999296,6.762283425504609,1.739159737271649,-0.2450221077454528,6.530219345613403
r180_t1.2_t1.2_280.cif,d:\New folder\project\data\r180\t1.2\t1.2_280.cif,-0.1605200000000195,6.076161047859453,0.0021469954804815,-0.7476447884396027,6.029988038151816
r180_t1.2_t1.2_300.cif,d:\New folder\project\data\r180\t1.2\t1.2_300.cif,-0.4098199999999679,6.069834491252962,0.2617181683653639,-0.6559629509100702,6.0286073813597225
r180_t1.2_t1.2_320.cif,d:\New folder\project\data\r180\t1.2\t1.2_320.cif,-0.3309600000000046,6.4882161582846685,0.2369147185040218,-0.5668929804477668,6.459059736641353
r180_t1.2_t1.2_340.cif,d:\New folder\project\data\r180\t1.2\t1.2_340.cif,-0.2923099999999294,6.528572389867454,0.3967050765122558,-0.349871400625597,6.50710938397637
r180_t2.4_t2.4_280.cif,d:\New folder\project\data\r180\t2.4\t2.4_280.cif,-0.1073199999999587,6.224347617302893,-0.581637982228616,-0.6847757932431314,6.159162494336504
r180_t2.4_t2.4_300.cif,d:\New folder\project\data\r180\t2.4\t2.4_300.cif,-0.3088599999999815,6.152291369768773,-0.3871557233654659,-0.6111568655785473,6.109606110875961
r180_t2.4_t2.4_320.cif,d:\New folder\project\data\r180\t2.4\t2.4_320.cif,-0.3965499999999338,6.414194426101787,-0.4471483239169342,-0.6423753310183854,6.366262832019467
r180_t7.2_t7.2_300.cif,d:\New folder\project\data\r180\t7.2\t7.2_300.cif,-0.1356299999999919,6.337327469767121,-1.1938657646310111,-0.7552297540709825,6.17786629943323
r180_t7.2_t7.2_320.cif,d:\New folder\project\data\r180\t7.2\t7.2_320.cif,-0.1244699999999738,6.655080817461293,-1.2128970229675766,-0.7562890904168835,6.4997698659517225
r180_t8.4_t8.4_120.cif,d:\New folder\project\data\r180\t8.4\t8.4_120.cif,-0.218309999999974,6.593342810144407,-0.8363954422150788,-1.4398310111352377,6.379615876814063
r180_t8.4_t8.4_300.cif,d:\New folder\project\data\r180\t8.4\t8.4_300.cif,-0.0229399999999486,6.397100655964804,-1.34652103616513,-0.534513832176982,6.23089663410665
r180_t8.4_t8.4_320.cif,d:\New folder\project\data\r180\t8.4\t8.4_320.cif,-0.037649999999985,6.6535658885046685,-0.9386595294799018,-0.7825645626366224,6.540370786560563
r180_t8.4_t8.4_340.cif,d:\New folder\project\data\r180\t8.4\t8.4_340.cif,-0.1149699999999711,6.672577758585373,-0.9623033537510832,-0.3767322516908131,6.592066368769627
r180_t9.6_t9.6_300.cif,d:\New folder\project\data\r180\t9.6\t9.6_300.cif,-0.2634699999999839,6.40390366827085,1.6484408876268708,-0.745933088767988,6.142980437830958
r180_t9.6_t9.6_320.cif,d:\New folder\project\data\r180\t9.6\t9.6_320.cif,-0.2876599999999598,6.679064304734749,1.5826799124494946,-0.6391350925653467,6.45728508081858
r180_t9.6_t9.6_340.cif,d:\New folder\project\data\r180\t9.6\t9.6_340.cif,-0.2501599999999371,6.763509756245786,1.7366994134566782,-0.3251126491770162,6.528647726403705
r200_t0_t0_300.cif,d:\New folder\project\data\r200\t0\t0_300.cif,-0.1575199999999768,6.154708564800111,1.27856722696745,-0.5557044081482541,5.994739024721027
r200_t0_t0_320.cif,d:\New folder\project\data\r200\t0\t0_320.cif,-0.2582099999999627,6.296254561435342,1.7858487906845475,-0.3312852403621628,6.028583224002475
r200_t0_t0_340.cif,d:\New folder\project\data\r200\t0\t0_340.cif,-0.1505399999999781,6.743107289089939,1.651526674727842,-0.7327296248390541,6.496542376658793
r200_t1.2_t1.2_280.cif,d:\New folder\project\data\r200\t1.2\t1.2_280.cif,-0.0973999999999932,6.091479190081049,-0.010967262537586,-0.9004347575880256,6.024551077853876
r200_t1.2_t1.2_300.cif,d:\New folder\project\data\r200\t1.2\t1.2_300.cif,-0.3240599999999176,6.044157007596037,0.328835749062465,-0.7758173097005922,5.985132286305771
r200_t1.2_t1.2_320.cif,d:\New folder\project\data\r200\t1.2\t1.2_320.cif,-0.3523000000000138,6.124485637857014,0.4703352512286118,-0.41626863134236,6.092194145488874
r200_t1.2_t1.2_340.cif,d:\New folder\project\data\r200\t1.2\t1.2_340.cif,-0.2531099999999924,6.546995886959879,0.3645094389793047,-0.6875610363321079,6.500580576693322
r200_t2.4_t2.4_220.cif,d:\New folder\project\data\r200\t2.4\t2.4_220.cif,-0.2750199999999267,7.117969056281964,0.4630472904531453,-0.887044978221394,7.047284718216213
r200_t2.4_t2.4_280.cif,d:\New folder\project\data\r200\t2.4\t2.4_280.cif,-0.0656399999999166,6.23652386915405,-0.3388283108331607,-1.021755963921658,6.142917881308253
r200_t2.4_t2.4_300.cif,d:\New folder\project\data\r200\t2.4\t2.4_300.cif,-0.354319999999916,6.053684536523918,-0.1590170315617739,-0.917084633806953,5.981702585874465
r200_t2.4_t2.4_320.cif,d:\New folder\project\data\r200\t2.4\t2.4_320.cif,-0.3324799999999186,6.165457621367048,-0.2404667518847459,-0.4830248269036234,6.14180188859147
r200_t2.4_t2.4_340.cif,d:\New folder\project\data\r200\t2.4\t2.4_340.cif,-0.2274699999999256,6.637929882611462,-1.0995514011819916,-0.6367030969785883,6.515190634887271
r200_t3.6_t3.6_160.cif,d:\New folder\project\data\r200\t3.6\t3.6_160.cif,-0.0060899999999719,7.361699918631584,-0.7016628285373707,-1.0389763251546402,7.254159025193572
r200_t3.6_t3.6_200.cif,d:\New folder\project\data\r200\t3.6\t3.6_200.cif,-0.0634999999999763,7.899375883922473,-1.0556599653822665,-1.1810421441062366,7.738918583809369
r200_t3.6_t3.6_220.cif,d:\New folder\project\data\r200\t3.6\t3.6_220.cif,-0.2038299999999253,7.343080497594647,-1.3407904209085393,-0.838247824170229,7.170805591189084
r200_t3.6_t3.6_240.cif,d:\New folder\project\data\r200\t3.6\t3.6_240.cif,-0.2749099999999771,6.709835303510374,-1.413047794607666,-0.3311755437409946,6.550992939212835
r200_t4.8_t4.8_220.cif,d:\New folder\project\data\r200\t4.8\t4.8_220.cif,-0.0090099999999893,7.273795903699737,-0.5056835428578513,-0.6671913822906588,7.225458232012616
r200_t4.8_t4.8_240.cif,d:\New folder\project\data\r200\t4.8\t4.8_240.cif,-0.0885399999999663,6.632328471299379,-0.5358741249582549,-0.1849799350073417,6.608055863645014
r200_t6.0_t6.0_100.cif,d:\New folder\project\data\r200\t6.0\t6.0_100.cif,-0.0218299999999089,5.989854635530235,0.1674459802571687,-0.7632610903258377,5.938665919756168
r200_t6.0_t6.0_300.cif,d:\New folder\project\data\r200\t6.0\t6.0_300.cif,-0.1215999999999439,6.226281078797652,1.027377703612471,-0.6791445229495978,6.103264195761247
r200_t7.2_t7.2_280.cif,d:\New folder\project\data\r200\t7.2\t7.2_280.cif,-0.0038599999999178,6.2802584443994185,-0.6746745496453572,-0.8051688114470374,6.191781937825653
r200_t7.2_t7.2_300.cif,d:\New folder\project\data\r200\t7.2\t7.2_300.cif,-0.219789999999989,6.185146856681098,-0.9790454832132196,-0.7200692395072212,6.06457021319956
r200_t7.2_t7.2_320.cif,d:\New folder\project\data\r200\t7.2\t7.2_320.cif,-0.2635099999999966,6.286387647491673,-1.18105326895164,-0.5627648153717366,6.148746099247728
r200_t7.2_t7.2_340.cif,d:\New folder\project\data\r200\t7.2\t7.2_340.cif,-0.3373699999999644,6.575915618725044,-1.0666809933311867,-0.6823111916072342,6.4528528048348885
r200_t8.4_t8.4_140.cif,d:\New folder\project\data\r200\t8.4\t8.4_140.cif,-0.1228499999999712,6.920053146284653,-0.7644820677648917,-1.4349961527000834,6.726328029259798
r200_t8.4_t8.4_240.cif,d:\New folder\project\data\r200\t8.4\t8.4_240.cif,-0.0208699999999453,6.926272580506941,-0.6344744276701388,-0.6346445423574771,6.867890532395722
r200_t8.4_t8.4_300.cif,d:\New folder\project\data\r200\t8.4\t8.4_300.cif,-0.1123499999999921,6.169619371132237,-1.0861081822662084,-0.6358140401637015,6.03989343510258
r200_t8.4_t8.4_320.cif,d:\New folder\project\data\r200\t8.4\t8.4_320.cif,-0.2528999999999541,6.185732541659362,-1.6046045703862628,-0.2973064859249152,5.96658529672258
r200_t8.4_t8.4_340.cif,d:\New folder\project\data\r200\t8.4\t8.4_340.cif,-0.2569799999999986,6.608631423511746,-0.922798475886072,-0.6813242996950306,6.508321555007427
r200_t9.6_t9.6_300.cif,d:\New folder\project\data\r200\t9.6\t9.6_300.cif,-0.2348399999999628,6.073299241644646,1.3244494531836328,-0.7103016078473164,5.884408972055947
r200_t9.6_t9.6_320.cif,d:\New folder\project\data\r200\t9.6\t9.6_320.cif,-0.1824899999999161,6.525171268965804,1.9307003091755013,-0.5780353736605315,6.206136601162075
r200_t9.6_t9.6_340.cif,d:\New folder\project\data\r200\t9.6\t9.6_340.cif,-0.178229999999985,6.807558683560329,1.734524590556531,-0.6819053237881845,6.547463997935511
r220_t0_t0_100.cif,d:\New folder\project\data\r220\t0\t0_100.cif,-0.1350299999999151,5.986627260427688,0.4400239309932899,-1.1650124986767647,5.855666552440982
r220_t0_t0_120.cif,d:\New folder\project\data\r220\t0\t0_120.cif,-0.2353299999999762,5.846189200929583,0.3827721275592531,-0.6227356967008473,5.800311536761104
r220_t0_t0_240.cif,d:\New folder\project\data\r220\t0\t0_240.cif,-0.0153500000000121,6.588916867514821,-0.2607130099290993,-0.840661282933444,6.529865451971559
r220_t0_t0_320.cif,d:\New folder\project\data\r220\t0\t0_320.cif,-0.2048099999999522,6.0880722962527525,1.2901766544649529,-0.6634856958031294,5.912685956157195
r220_t0_t0_340.cif,d:\New folder\project\data\r220\t0\t0_340.cif,-0.0697799999999233,6.297064051034748,1.3484096344979573,-0.406249389533693,6.137570248390705
r220_t1.2_t1.2_120.cif,d:\New folder\project\data\r220\t1.2\t1.2_120.cif,-0.1588600000000042,5.735384070417076,0.1866707086287313,-0.6389755223874927,5.6966213463353546
r220_t1.2_t1.2_300.cif,d:\New folder\project\data\r220\t1.2\t1.2_300.cif,-0.3828999999999496,5.862372703902024,0.2411257750630514,-1.0669656136168086,5.75941459346478
r220_t1.2_t1.2_320.cif,d:\New folder\project\data\r220\t1.2\t1.2_320.cif,-0.3564399999999068,5.974271803567577,0.2020408939100078,-0.6697942568774639,5.93316767954055
r220_t1.2_t1.2_340.cif,d:\New folder\project\data\r220\t1.2\t1.2_340.cif,-0.1414099999999507,6.3980273307811855,0.4266386756486502,-0.8185690172294947,6.331088210560308
r220_t2.4_t2.4_300.cif,d:\New folder\project\data\r220\t2.4\t2.4_300.cif,-0.34245999999996,5.90890110992776,-0.2549238656285884,-1.1785112303865102,5.78456890610626
r220_t2.4_t2.4_320.cif,d:\New folder\project\data\r220\t2.4\t2.4_320.cif,-0.3425199999999222,5.96405746123902,-0.2376817576565315,-0.731930439701268,5.914200420553638
r220_t2.4_t2.4_340.cif,d:\New folder\project\data\r220\t2.4\t2.4_340.cif,-0.1276399999999284,6.510806835427152,-1.0145755355125412,-0.7707050632896477,6.384924105766964
r220_t3.6_t3.6_180.cif,d:\New folder\project\data\r220\t3.6\t3.6_180.cif,-0.0218499999999721,7.696768249235392,-0.7248498313783166,-0.9059066523942354,7.608821678915648
r220_t3.6_t3.6_220.cif,d:\New folder\project\data\r220\t3.6\t3.6_220.cif,-0.0758499999999458,7.147605225623876,-0.5452809058939758,-0.9506899332118888,7.06308132799862
r220_t3.6_t3.6_240.cif,d:\New folder\project\data\r220\t3.6\t3.6_240.cif,-0.2755700000000161,6.401600533714108,-0.8622162479787252,-0.6330574751907677,6.31160128399088
r220_t3.6_t3.6_260.cif,d:\New folder\project\data\r220\t3.6\t3.6_260.cif,-0.4193799999999328,5.861092474249333,-1.2480009964493322,-0.3542504506735267,5.71571562647769
r220_t4.8_t4.8_160.cif,d:\New folder\project\data\r220\t4.8\t4.8_160.cif,-0.0162100000000009,7.202018439754448,-0.1828728778278183,-1.2117869546678746,7.0969852397771565
r220_t4.8_t4.8_220.cif,d:\New folder\project\data\r220\t4.8\t4.8_220.cif,-0.0491999999999279,7.138476763584889,-0.2880411666793404,-0.9373611192504472,7.070801717107965
r220_t4.8_t4.8_240.cif,d:\New folder\project\data\r220\t4.8\t4.8_240.cif,-0.1870699999999487,6.32000854961545,-0.2651744625464703,-0.4422853321983956,6.298934374681778
r220_t4.8_t4.8_260.cif,d:\New folder\project\data\r220\t4.8\t4.8_260.cif,-0.2877799999999979,5.707899961236474,-0.2377042655600881,-0.1007994496584587,5.70205735858264
r220_t6.0_t6.0_320.cif,d:\New folder\project\data\r220\t6.0\t6.0_320.cif,-0.3671299999999746,6.0429143006330825,0.9602882627723311,-0.8308019495630743,5.907996937861403
r220_t6.0_t6.0_340.cif,d:\New folder\project\data\r220\t6.0\t6.0_340.cif,-0.3639899999999443,6.175667767161965,1.0249045803812775,-0.522897782264679,6.06753828836534
r220_t7.2_t7.2_0.cif,d:\New folder\project\data\r220\t7.2\t7.2_0.cif,-0.3045299999999997,6.448883833328864,-0.8792876669364765,-0.7797455559356266,6.340895265066474
r220_t7.2_t7.2_120.cif,d:\New folder\project\data\r220\t7.2\t7.2_120.cif,-0.14067,5.6120830981663685,-0.6285593292670268,-0.5953936164891087,5.544898223751273
r220_t7.2_t7.2_260.cif,d:\New folder\project\data\r220\t7.2\t7.2_260.cif,-0.0208000000000083,6.234071537383907,-0.7466460572632193,-0.5790995305583165,6.162046034565189
r220_t7.2_t7.2_300.cif,d:\New folder\project\data\r220\t7.2\t7.2_300.cif,-0.35191999999995,5.946006207818976,-1.0517096476734,-1.2592985330017488,5.715160876580128
r220_t7.2_t7.2_320.cif,d:\New folder\project\data\r220\t7.2\t7.2_320.cif,-0.4195999999999458,6.031444053477999,-1.066623223115353,-0.8431982896588291,5.876193403425602
r220_t7.2_t7.2_340.cif,d:\New folder\project\data\r220\t7.2\t7.2_340.cif,-0.3341199999999844,6.332656048982847,-1.1990952028292012,-0.7177224508749815,6.176534450060248
r220_t8.4_t8.4_0.cif,d:\New folder\project\data\r220\t8.4\t8.4_0.cif,-0.242059999999924,6.576716824969175,-1.508133971133398,-0.7658830496366476,6.3554826154451325
r220_t8.4_t8.4_100.cif,d:\New folder\project\data\r220\t8.4\t8.4_100.cif,-0.0261799999999539,6.06754238954008,-0.625640158708846,-1.1767715681417008,5.9193626107115485
r220_t8.4_t8.4_120.cif,d:\New folder\project\data\r220\t8.4\t8.4_120.cif,-0.1542599999999083,5.9599323967685125,-0.3333397587984,-0.6696719607329024,5.912801218057583
r220_t8.4_t8.4_240.cif,d:\New folder\project\data\r220\t8.4\t8.4_240.cif,-0.0285199999999576,6.749404348675968,-0.5922077939127157,-0.7764139924947755,6.678392793405719
r220_t8.4_t8.4_260.cif,d:\New folder\project\data\r220\t8.4\t8.4_260.cif,-0.0272099999999682,6.219732797324957,-0.7650548573081697,-0.3110944856876314,6.164656304807564
r220_t8.4_t8.4_300.cif,d:\New folder\project\data\r220\t8.4\t8.4_300.cif,-0.1479399999999486,6.108962899354457,-1.2732574192619877,-0.9327243888603556,5.901547971880648
r220_t8.4_t8.4_320.cif,d:\New folder\project\data\r220\t8.4\t8.4_320.cif,-0.296989999999937,6.1730259202807165,-1.6360836861920858,-0.6768467212136384,5.91365857149498
r220_t8.4_t8.4_340.cif,d:\New folder\project\data\r220\t8.4\t8.4_340.cif,-0.2676699999999528,6.349359306405758,-1.0119854202839365,-0.7733706516125325,6.220301194170468
r220_t9.6_t9.6_100.cif,d:\New folder\project\data\r220\t9.6\t9.6_100.cif,-0.1450300000000197,5.976950304088228,0.6108391970110634,-1.1448498796597584,5.834391927697202
r220_t9.6_t9.6_120.cif,d:\New folder\project\data\r220\t9.6\t9.6_120.cif,-0.1988499999999931,5.863757002234998,0.5245737062374343,-0.7037565141228291,5.797688796133678
r220_t9.6_t9.6_300.cif,d:\New folder\project\data\r220\t9.6\t9.6_300.cif,-0.1541199999999207,6.080616496712994,1.178517434595361,-0.844167613143352,5.9052836237875
r220_t9.6_t9.6_320.cif,d:\New folder\project\data\r220\t9.6\t9.6_320.cif,-0.2622099999999818,6.18497271533802,1.6024382058419158,-0.674918502890144,5.93553403666346
r220_t9.6_t9.6_340.cif,d:\New folder\project\data\r220\t9.6\t9.6_340.cif,-0.0880199999999149,6.423017774312006,1.5816732570088634,-0.5861184344202564,6.197574704513346
r240_t0_t0_120.cif,d:\New folder\project\data\r240\t0\t0_120.cif,-0.2994699999999284,5.669948997620639,0.2005244319438519,-0.9027119778553708,5.594034561284845
r240_t6.0_t6.0_100.cif,d:\New folder\project\data\r240\t6.0\t6.0_100.cif,-0.0066699999999855,5.982139165386331,0.4179204073198512,-0.8242017114874907,5.91033189135566
r240_t7.2_t7.2_320.cif,d:\New folder\project\data\r240\t7.2\t7.2_320.cif,-0.4028299999999944,6.037426550026358,-1.0572677444823493,-1.1165448863288103,5.838324398340106
r240_t7.2_t7.2_340.cif,d:\New folder\project\data\r240\t7.2\t7.2_340.cif,-0.2347399999999879,6.211309822203917,-1.0289588876732088,-0.7917650502772126,6.074102519718012
r240_t8.4_t8.4_120.cif,d:\New folder\project\data\r240\t8.4\t8.4_120.cif,-0.3173399999999446,5.628424065697311,-0.4008236067850409,-0.8456654181376796,5.550076386873473
r260_t0_t0_280.cif,d:\New folder\project\data\r260\t0\t0_280.cif,-0.0333099999999149,5.759003636493408,0.5057771431562985,-0.6892986634487248,5.6951891732560345
r260_t3.6_t3.6_220.cif,d:\New folder\project\data\r260\t3.6\t3.6_220.cif,-0.075909999999908,7.022859219726448,-0.8584816305785106,-0.7527316542983226,6.929426813717954
r260_t3.6_t3.6_240.cif,d:\New folder\project\data\r260\t3.6\t3.6_240.cif,-0.3499099999999089,5.89138024699788,-0.7999182912373466,-0.3990297624167431,5.8231664230697
r260_t3.6_t3.6_280.cif,d:\New folder\project\data\r260\t3.6\t3.6_280.cif,-0.3078100000000177,5.190742608144975,-0.5167180909095554,-0.4945468173547569,5.141228907954086
r260_t3.6_t3.6_300.cif,d:\New folder\project\data\r260\t3.6\t3.6_300.cif,-0.1499999999999772,5.543943820797652,-0.4472621961046666,-0.2970885532856503,5.517880753296752
r260_t4.8_t4.8_120.cif,d:\New folder\project\data\r260\t4.8\t4.8_120.cif,-0.2152899999999817,5.708114260529355,0.6804697601312272,-1.1633578103387177,5.5467222683247295
r260_t4.8_t4.8_140.cif,d:\New folder\project\data\r260\t4.8\t4.8_140.cif,-0.2426299999999628,6.0246301511939855,0.8235356508086539,-0.8371722896425018,5.909069304719447
r260_t4.8_t4.8_220.cif,d:\New folder\project\data\r260\t4.8\t4.8_220.cif,-0.0920999999999594,6.667501300538824,-0.1321192837593034,-0.6614124191104327,6.633298704218913
r260_t4.8_t4.8_240.cif,d:\New folder\project\data\r260\t4.8\t4.8_240.cif,-0.2453899999999294,5.844892306192873,0.291181662491824,-0.7071192905628305,5.794649395721458
r260_t4.8_t4.8_260.cif,d:\New folder\project\data\r260\t4.8\t4.8_260.cif,-0.4379900000000134,5.2017556617862,0.2925190706944326,-0.3184618128377079,5.183751212391367
r260_t4.8_t4.8_280.cif,d:\New folder\project\data\r260\t4.8\t4.8_280.cif,-0.2504599999999755,5.192852883352204,0.3602121269406368,-0.5199148376761852,5.154188282679276
r260_t4.8_t4.8_300.cif,d:\New folder\project\data\r260\t4.8\t4.8_300.cif,-0.412719999999922,5.297368841752061,0.5630053169403386,-0.0436049944369183,5.267185231518124
r260_t6.0_t6.0_120.cif,d:\New folder\project\data\r260\t6.0\t6.0_120.cif,-0.1548899999999093,5.751001473625982,0.072335746267826,-1.0870116185519128,5.64687446563081
r260_t6.0_t6.0_160.cif,d:\New folder\project\data\r260\t6.0\t6.0_160.cif,-0.2031299999999873,6.508413621001467,-1.398506354223612,-0.6165220666188596,6.326415128696948
r260_t6.0_t6.0_240.cif,d:\New folder\project\data\r260\t6.0\t6.0_240.cif,-0.1760699999999815,5.59221421149996,-0.4402812988214233,-0.7837667981254501,5.519485643732251
r260_t7.2_t7.2_140.cif,d:\New folder\project\data\r260\t7.2\t7.2_140.cif,-0.0980299999999942,6.166582100058404,-0.6687688341622018,-0.814181383343483,6.075902543509971
r260_t7.2_t7.2_160.cif,d:\New folder\project\data\r260\t7.2\t7.2_160.cif,-0.0863399999999501,6.671739496315154,-1.6322636996274007,-0.7787378253683255,6.421946007318254
r260_t8.4_t8.4_280.cif,d:\New folder\project\data\r260\t8.4\t8.4_280.cif,-0.0037499999999681,5.7771945544456615,-0.4509062071058267,-0.7562594798605696,5.709705080950423
r280_t0_t0_100.cif,d:\New folder\project\data\r280\t0\t0_100.cif,-0.0624500000000125,5.496228225873659,0.4905058057624739,-0.4469794551350949,5.45601852380385
r280_t0_t0_280.cif,d:\New folder\project\data\r280\t0\t0_280.cif,-0.0149799999999231,5.915931265486899,0.6374182455889335,-0.7711417179666576,5.830718752346676
r280_t0_t0_300.cif,d:\New folder\project\data\r280\t0\t0_300.cif,-0.0469600000000127,6.273342566568309,0.5216836737509444,-0.5960061606910241,6.223138256416767
r280_t0_t0_320.cif,d:\New folder\project\data\r280\t0\t0_320.cif,-0.0572599999999283,6.465507085493452,0.5345355946214494,-0.5239851150318064,6.422031856809325
r280_t0_t0_340.cif,d:\New folder\project\data\r280\t0\t0_340.cif,-0.0023999999999659,6.712122128848138,0.4779920457351026,-0.4895967892923966,6.677155237127666
r280_t0_t0_80.cif,d:\New folder\project\data\r280\t0\t0_80.cif,-0.2615399999999681,5.353042609882452,0.2144043390633859,-0.552714282272042,5.32011305187967
r280_t1.2_t1.2_280.cif,d:\New folder\project\data\r280\t1.2\t1.2_280.cif,-0.0849799999999731,5.724650303420017,-0.05169932282136,-0.683824588224902,5.6834260977869455
r280_t1.2_t1.2_300.cif,d:\New folder\project\data\r280\t1.2\t1.2_300.cif,-0.0572399999999788,6.22013620277441,-0.1126243468062646,-0.5509008191280595,6.194668548441906
r280_t1.2_t1.2_320.cif,d:\New folder\project\data\r280\t1.2\t1.2_320.cif,-0.0199499999999943,6.592341077476232,-0.199671551957833,-0.4324422455754221,6.575111090876026
r280_t2.4_t2.4_280.cif,d:\New folder\project\data\r280\t2.4\t2.4_280.cif,-0.0877799999999524,5.782969607481939,0.7365346378010513,-0.5600616321051206,5.708466096651782
r280_t3.6_t3.6_240.cif,d:\New folder\project\data\r280\t3.6\t3.6_240.cif,-0.4014399999999796,5.509214753127825,-0.451320205691752,-0.7172842524351521,5.443644052399475
r280_t3.6_t3.6_280.cif,d:\New folder\project\data\r280\t3.6\t3.6_280.cif,-0.3948299999999562,5.4485251163156985,-0.3249823885727003,-0.4777987852570946,5.417796665716371
r280_t3.6_t3.6_300.cif,d:\New folder\project\data\r280\t3.6\t3.6_300.cif,-0.2238599999999451,5.894909150622516,-0.1807094561064299,-0.3673891601755457,5.880673702183475
r280_t4.8_t4.8_120.cif,d:\New folder\project\data\r280\t4.8\t4.8_120.cif,-0.0770099999999729,6.050233825023381,0.5299264506378649,-1.1900685615104158,5.908319906138795
r280_t4.8_t4.8_140.cif,d:\New folder\project\data\r280\t4.8\t4.8_140.cif,-0.1756500000000187,6.422265823241194,0.5993412023554547,-1.0581271306142426,6.30608082750206
r280_t4.8_t4.8_240.cif,d:\New folder\project\data\r280\t4.8\t4.8_240.cif,-0.3090499999999565,5.469538132923393,0.0124071189025721,-0.5707766310052742,5.43966060415555
r280_t4.8_t4.8_260.cif,d:\New folder\project\data\r280\t4.8\t4.8_260.cif,-0.5292099999999209,5.161240631385625,0.5761309850251349,-0.420815015696119,5.11169176161127
r280_t4.8_t4.8_280.cif,d:\New folder\project\data\r280\t4.8\t4.8_280.cif,-0.3660199999999349,5.416301912636051,0.0104754382058753,-0.519862430454219,5.391285535697546
r280_t4.8_t4.8_300.cif,d:\New folder\project\data\r280\t4.8\t4.8_300.cif,-0.3707899999999426,5.928542736948585,0.7641851134060111,-0.554496970555566,5.852877344171767
r280_t4.8_t4.8_320.cif,d:\New folder\project\data\r280\t4.8\t4.8_320.cif,-0.2794299999999339,6.269953776008801,0.9671403331547124,-0.2143370903349257,6.191205015259887
r280_t6.0_t6.0_100.cif,d:\New folder\project\data\r280\t6.0\t6.0_100.cif,-0.3504799999999477,5.781308773671648,-0.088774387427874,-0.5897545102078161,5.750464317110325
r280_t6.0_t6.0_160.cif,d:\New folder\project\data\r280\t6.0\t6.0_160.cif,-0.021539999999959,7.322686316456335,-1.5217749296895176,-0.9539952318012646,7.099001975650222
r280_t6.0_t6.0_180.cif,d:\New folder\project\data\r280\t6.0\t6.0_180.cif,-0.0923099999999976,7.430997862484173,-1.5693514623203213,-0.7141250570230018,7.228201064088443
r280_t7.2_t7.2_140.cif,d:\New folder\project\data\r280\t7.2\t7.2_140.cif,-0.1101299999999128,6.445409420621081,-1.019084893995735,-1.1663221272292366,6.256553466070288
r280_t7.2_t7.2_160.cif,d:\New folder\project\data\r280\t7.2\t7.2_160.cif,-0.0141800000000102,7.24392311940159,-1.825580120801717,-0.960511989170722,6.94399712708709
r280_t8.4_t8.4_60.cif,d:\New folder\project\data\r280\t8.4\t8.4_60.cif,-0.0431699999999182,5.852648744358556,-0.5058516263335183,-0.8154112992114282,5.773449217763663
r280_t8.4_t8.4_80.cif,d:\New folder\project\data\r280\t8.4\t8.4_80.cif,-0.3606399999999894,5.395796957608715,-0.2408356094754861,-0.527400923761661,5.3645569511902265
r280_t9.6_t9.6_280.cif,d:\New folder\project\data\r280\t9.6\t9.6_280.cif,-0.0719500000000152,5.857239137193364,0.8683956776403194,-0.8858577071813298,5.724368557312912
r280_t9.6_t9.6_300.cif,d:\New folder\project\data\r280\t9.6\t9.6_300.cif,-0.048469999999952,6.369880743808963,0.732479135543616,-0.4452310722696145,6.3119429891775125
r280_t9.6_t9.6_320.cif,d:\New folder\project\data\r280\t9.6\t9.6_320.cif,-0.0467599999999492,6.64797661207653,0.9700660515571344,-0.6189093953464773,6.547634385843848
r300_t0_t0_340.cif,d:\New folder\project\data\r300\t0\t0_340.cif,-0.012079999999969,6.985199831935924,0.2963629613361008,-0.6627573987886278,6.947369165200356
r300_t3.6_t3.6_300.cif,d:\New folder\project\data\r300\t3.6\t3.6_300.cif,-0.1814899999999397,6.509525300892459,0.1450715834217121,-0.5830164885982575,6.481740943038772
r300_t3.6_t3.6_320.cif,d:\New folder\project\data\r300\t3.6\t3.6_320.cif,-0.0816899999999805,6.85195220051654,0.3279270643820119,-0.3982657452737723,6.832502996322122
r300_t4.8_t4.8_100.cif,d:\New folder\project\data\r300\t4.8\t4.8_100.cif,-0.1937199999999848,6.514878294856408,1.3452490417680312,-0.4863639561934251,6.355894454325781
r300_t4.8_t4.8_140.cif,d:\New folder\project\data\r300\t4.8\t4.8_140.cif,-0.0078899999999748,7.171365126447983,0.5064788149372628,-1.1078134257712702,7.06715688240575
r300_t4.8_t4.8_280.cif,d:\New folder\project\data\r300\t4.8\t4.8_280.cif,-0.1270799999999781,6.771708548802828,0.6649333122242127,-0.2568698258373748,6.734086296803607
r300_t4.8_t4.8_300.cif,d:\New folder\project\data\r300\t4.8\t4.8_300.cif,-0.2177799999999479,6.4965216217015,0.2903917314151057,-0.7136135775764609,6.450676048714533
r300_t4.8_t4.8_320.cif,d:\New folder\project\data\r300\t4.8\t4.8_320.cif,-0.1999599999999191,6.934750049599092,0.8513474197496633,-0.5517198041830856,6.860143663143825
r300_t6.0_t6.0_100.cif,d:\New folder\project\data\r300\t6.0\t6.0_100.cif,-0.2443599999999151,6.387225325371746,0.0843902873533929,-0.7909371846132305,6.337502978813243
r300_t6.0_t6.0_120.cif,d:\New folder\project\data\r300\t6.0\t6.0_120.cif,-0.3212099999999509,6.690035787163287,-0.5031763351281663,-0.7322421805479423,6.630777767224512
r300_t6.0_t6.0_320.cif,d:\New folder\project\data\r300\t6.0\t6.0_320.cif,-0.2922999999999547,6.760445564151959,0.1070646588000957,-0.716830127095356,6.721481678438644
r300_t6.0_t6.0_80.cif,d:\New folder\project\data\r300\t6.0\t6.0_80.cif,-0.3113099999999349,6.413360839101585,0.252834467804453,-0.4568601929375988,6.392069363556754
r300_t7.2_t7.2_100.cif,d:\New folder\project\data\r300\t7.2\t7.2_100.cif,-0.1714899999999488,6.472543134101017,-0.8468611277045752,-0.5857017709471966,6.390116922927973
r320_t1.2_t1.2_220.cif,d:\New folder\project\data\r320\t1.2\t1.2_220.cif,-0.1610799999999699,7.097648079474465,1.0992253404811532,-0.857937211055007,6.95932867831365
r320_t1.2_t1.2_240.cif,d:\New folder\project\data\r320\t1.2\t1.2_240.cif,-0.1277699999999413,6.68937131697165,0.5905779990064869,-0.4755160421766968,6.646261410525855
r320_t2.4_t2.4_200.cif,d:\New folder\project\data\r320\t2.4\t2.4_200.cif,-0.1180799999999635,7.848863496455859,1.1095512604074866,-1.0263674242933103,7.701955861784393
r320_t2.4_t2.4_220.cif,d:\New folder\project\data\r320\t2.4\t2.4_220.cif,-0.2858999999999696,7.112983865234939,0.8573420817321122,-0.7450269376138225,7.021711962492736
r320_t3.6_t3.6_200.cif,d:\New folder\project\data\r320\t3.6\t3.6_200.cif,-0.1611899999999195,7.788483985601586,-0.5116047595611459,-1.0476612280976738,7.700723947468032
r320_t3.6_t3.6_220.cif,d:\New folder\project\data\r320\t3.6\t3.6_220.cif,-0.2647599999999102,7.165650215208425,-0.5553892049578075,-0.754642927806104,7.104125554158309
r320_t3.6_t3.6_240.cif,d:\New folder\project\data\r320\t3.6\t3.6_240.cif,-0.2216099999999414,7.099495561073569,-0.5984264710811407,-0.3540863912468679,7.065362397495719
r320_t4.8_t4.8_100.cif,d:\New folder\project\data\r320\t4.8\t4.8_100.cif,-0.1695199999999204,6.854886903217069,1.127269579814505,-0.547907099440186,6.739327530303359
r320_t4.8_t4.8_120.cif,d:\New folder\project\data\r320\t4.8\t4.8_120.cif,-0.2431899999999132,7.309359397078494,0.6384458784886303,-1.420936490580566,7.141432709592463
r320_t4.8_t4.8_160.cif,d:\New folder\project\data\r320\t4.8\t4.8_160.cif,-0.026679999999942,7.98126973441794,0.2131090510190209,-1.3052035629405478,7.870939890838761
r320_t4.8_t4.8_180.cif,d:\New folder\project\data\r320\t4.8\t4.8_180.cif,-0.0749499999999443,8.152768428582027,0.4233189070986146,-1.2702419299195211,8.042071847008769
r320_t4.8_t4.8_200.cif,d:\New folder\project\data\r320\t4.8\t4.8_200.cif,-0.2470399999999699,7.529846023499871,0.3921814573962855,-1.1754528938061368,7.427185559586762
r320_t4.8_t4.8_220.cif,d:\New folder\project\data\r320\t4.8\t4.8_220.cif,-0.2603399999999283,7.218363522253991,0.6205079384843448,-0.8197314678789585,7.1447730655531645
r320_t4.8_t4.8_260.cif,d:\New folder\project\data\r320\t4.8\t4.8_260.cif,-0.1699399999999968,6.466937644704758,0.5661298540730759,-1.1181733380917105,6.3443256438180695
r320_t4.8_t4.8_280.cif,d:\New folder\project\data\r320\t4.8\t4.8_280.cif,-0.1412500000000136,7.000479705501926,0.5776439977378509,-0.66166441601843,6.945159733195252
r320_t4.8_t4.8_300.cif,d:\New folder\project\data\r320\t4.8\t4.8_300.cif,-0.0841899999999213,7.319747883742635,0.6871333360116079,-0.2345405371062807,7.28364933234366
r320_t4.8_t4.8_320.cif,d:\New folder\project\data\r320\t4.8\t4.8_320.cif,-0.0739499999999679,7.537827990696311,0.7439206837255011,-0.9287746492167348,7.443306421518766
r320_t4.8_t4.8_340.cif,d:\New folder\project\data\r320\t4.8\t4.8_340.cif,-0.1482099999999491,7.632700500151762,1.251384879147742,-0.7489751697241563,7.49207508000247
r320_t4.8_t4.8_60.cif,d:\New folder\project\data\r320\t4.8\t4.8_60.cif,-0.3197099999999864,6.499292341967728,1.425488318458971,-0.9883573899101322,6.26354002702205
r320_t4.8_t4.8_80.cif,d:\New folder\project\data\r320\t4.8\t4.8_80.cif,-0.3120799999999235,6.467009525406657,1.1385846343900168,-0.8852348814761049,6.30414121325414
r320_t6.0_t6.0_100.cif,d:\New folder\project\data\r320\t6.0\t6.0_100.cif,-0.1326699999999618,6.951550826793739,0.1371747842534838,-0.8406682032302067,6.899167989557831
r320_t6.0_t6.0_120.cif,d:\New folder\project\data\r320\t6.0\t6.0_120.cif,-0.159059999999954,7.39529302284274,-0.4407185944169697,-1.2828741965772392,7.269825294324337
r320_t6.0_t6.0_180.cif,d:\New folder\project\data\r320\t6.0\t6.0_180.cif,-0.0267499999999927,8.279900404433919,-2.046411798869096,-1.274364010497072,7.921170735790521
r320_t6.0_t6.0_200.cif,d:\New folder\project\data\r320\t6.0\t6.0_200.cif,-0.1782799999999724,7.732744157986831,-1.139223670171289,-1.117044836100654,7.56635397508878
r320_t6.0_t6.0_220.cif,d:\New folder\project\data\r320\t6.0\t6.0_220.cif,-0.2076999999999316,7.20764091784617,-0.2913667634224227,-0.8054958663634331,7.156561284517484
r320_t6.0_t6.0_340.cif,d:\New folder\project\data\r320\t6.0\t6.0_340.cif,-0.2408100000000104,7.344292389342713,0.2158746685596986,-0.8619288696285975,7.290343438503587
r320_t6.0_t6.0_60.cif,d:\New folder\project\data\r320\t6.0\t6.0_60.cif,-0.5437499999999318,6.176584945101984,-0.4980065755337629,-0.7243995658797502,6.113708882809096
r320_t6.0_t6.0_80.cif,d:\New folder\project\data\r320\t6.0\t6.0_80.cif,-0.4059199999999237,6.483092576456149,0.1962164741611137,-0.9109919970039596,6.415768233934526
r320_t7.2_t7.2_100.cif,d:\New folder\project\data\r320\t7.2\t7.2_100.cif,-0.1299799999999322,6.706720627976955,-0.6562306607093132,-0.9603475219381408,6.6050886094574
r320_t7.2_t7.2_200.cif,d:\New folder\project\data\r320\t7.2\t7.2_200.cif,-0.1790599999999358,7.82408416860192,-2.284097422535397,-1.0230285556846297,7.413002402265102
r320_t7.2_t7.2_40.cif,d:\New folder\project\data\r320\t7.2\t7.2_40.cif,-0.4407800000000179,6.208107818601948,-1.0026973728713744,-0.9742575263438608,6.0486381060686565
r320_t7.2_t7.2_60.cif,d:\New folder\project\data\r320\t7.2\t7.2_60.cif,-0.5572199999999157,6.165101053941648,-0.4219057210063135,-0.7240599840400238,6.107880459488914
r320_t7.2_t7.2_80.cif,d:\New folder\project\data\r320\t7.2\t7.2_80.cif,-0.4770199999999249,6.324947595664166,-0.7138240624885447,-0.7850961044784541,6.235306039196714
r320_t8.4_t8.4_60.cif,d:\New folder\project\data\r320\t8.4\t8.4_60.cif,-0.4121099999999842,6.31066970748065,-1.5892369486325089,-0.7054686182305485,6.06639861093112
r320_t8.4_t8.4_80.cif,d:\New folder\project\data\r320\t8.4\t8.4_80.cif,-0.4529999999999745,6.329993491125026,-1.8501726949307309,-0.711185538284054,6.011646507135426
r340_t1.2_t1.2_220.cif,d:\New folder\project\data\r340\t1.2\t1.2_220.cif,-0.0638000000000147,7.729930143552756,1.2987843355146151,-0.9994707348755248,7.554206611164059
r340_t1.2_t1.2_240.cif,d:\New folder\project\data\r340\t1.2\t1.2_240.cif,-0.0899699999999938,7.1712506992802645,0.8191516700032969,-0.6476616253780989,7.094812298607419
r340_t2.4_t2.4_200.cif,d:\New folder\project\data\r340\t2.4\t2.4_200.cif,-0.0686999999999216,8.08971212466191,0.4794028732273276,-1.3998065289533757,7.953248193445417
r340_t2.4_t2.4_220.cif,d:\New folder\project\data\r340\t2.4\t2.4_220.cif,-0.1773200000000088,7.670426306750904,0.9830439139676956,-0.8484022080448748,7.559714153583584
r340_t2.4_t2.4_260.cif,d:\New folder\project\data\r340\t2.4\t2.4_260.cif,-0.0951599999999643,7.04717986664762,0.3158353572528578,-0.1311441345798764,7.038877276665493
r340_t3.6_t3.6_200.cif,d:\New folder\project\data\r340\t3.6\t3.6_200.cif,-0.0626199999999244,8.32220000538196,-0.518337546655963,-1.1846388746154088,8.22112947556819
r340_t3.6_t3.6_220.cif,d:\New folder\project\data\r340\t3.6\t3.6_220.cif,-0.2110699999999497,7.667185481343565,-0.6869383779210689,-0.9219240378768124,7.580495032558866
r340_t3.6_t3.6_240.cif,d:\New folder\project\data\r340\t3.6\t3.6_240.cif,-0.1614299999999957,7.330253352947778,-0.8376785302303931,-0.523000929736225,7.263427491610846
r340_t4.8_t4.8_0.cif,d:\New folder\project\data\r340\t4.8\t4.8_0.cif,-0.1260599999999385,7.950908996845174,1.4386607912121008,-0.7891695803326714,7.7797442359900275
r340_t4.8_t4.8_100.cif,d:\New folder\project\data\r340\t4.8\t4.8_100.cif,-0.1855399999999463,7.03685084945409,1.1238196416169222,-0.7811111641504742,6.90247525456037
r340_t4.8_t4.8_140.cif,d:\New folder\project\data\r340\t4.8\t4.8_140.cif,-0.3149499999999534,7.789525391064726,0.1708411529438626,-1.6650765757831565,7.607564598166822
r340_t4.8_t4.8_200.cif,d:\New folder\project\data\r340\t4.8\t4.8_200.cif,-0.0901799999999184,8.24402517945871,0.1910613232349719,-1.2841012291853202,8.141162740267367
r340_t4.8_t4.8_220.cif,d:\New folder\project\data\r340\t4.8\t4.8_220.cif,-0.1515799999999671,7.759206265669004,0.3836271617925136,-1.089739523090829,7.672716588389403
r340_t4.8_t4.8_300.cif,d:\New folder\project\data\r340\t4.8\t4.8_300.cif,-0.1264400000000023,7.473487630052888,0.5792120970760973,-0.7802007511446082,7.410048413544114
r340_t4.8_t4.8_340.cif,d:\New folder\project\data\r340\t4.8\t4.8_340.cif,-0.0526699999999209,8.019569725961768,1.1104088198242263,-1.1052287700365455,7.86504673910477
r340_t4.8_t4.8_80.cif,d:\New folder\project\data\r340\t4.8\t4.8_80.cif,-0.2391499999999951,6.970846905692343,1.3411793701216488,-1.0741295486979932,6.755752377964608
r340_t6.0_t6.0_100.cif,d:\New folder\project\data\r340\t6.0\t6.0_100.cif,-0.2104399999999486,6.944945647220907,0.0300093191070817,-0.6535893830079043,6.914057448563665
r340_t6.0_t6.0_140.cif,d:\New folder\project\data\r340\t6.0\t6.0_140.cif,-0.0457499999999981,8.194422760015302,-1.2386206027588025,-1.2386093442736947,8.00501282101135
r340_t6.0_t6.0_60.cif,d:\New folder\project\data\r340\t6.0\t6.0_60.cif,-0.0013199999999642,7.147889582580639,-0.1682191760458411,-1.4627269865234538,6.994602029884995
r340_t6.0_t6.0_80.cif,d:\New folder\project\data\r340\t6.0\t6.0_80.cif,-0.277780000000007,6.836623040359243,0.2590456980243893,-1.0642307941905609,6.748312584565304
r340_t7.2_t7.2_100.cif,d:\New folder\project\data\r340\t7.2\t7.2_100.cif,-0.1190899999999146,7.0569485963246725,-1.1823198554832544,-0.7370096339123335,6.918053197975514
r340_t7.2_t7.2_80.cif,d:\New folder\project\data\r340\t7.2\t7.2_80.cif,-0.2342299999999113,6.741477360235997,-0.730768776996559,-0.8513517868216494,6.647457719174831
