file_path,L_M_avg_HH_dist,L_M_avg_OO_dist,L_M_avg_OH_dist,L_M_avg_HO_dist,L_M_count_HH,L_M_count_OO,L_M_count_OH,L_M_count_HO,L_M_sum_of_count,M_U_avg_HH_dist,M_U_avg_OO_dist,M_U_avg_OH_dist,M_U_avg_HO_dist,M_U_count_HH,M_U_count_OO,M_U_count_OH,M_U_count_HO,M_U_sum_of_count
d:\New folder\project\results\3_layer\lower\r0\t1.2\t1.2_320_grid1.cif,2.3829068477891893,2.6118731890367815,2.2569960415481627,2.3925681926957907,7,5,4,7,23,2.4247297081315966,2.261805048152759,2.2755930568542677,2.049850450810115,1,4,4,10,19
d:\New folder\project\results\3_layer\lower\r0\t4.8\t4.8_80_grid0.cif,2.3517237388607044,2.768675240838785,1.800385126427488,2.395797717180843,10,10,14,16,50,2.2575590550853204,3.031354106607032,2.5745208488456415,2.2640007170683782,4,2,4,2,12
d:\New folder\project\results\3_layer\lower\r0\t4.8\t4.8_80_grid2.cif,2.336774536453618,2.9468148218805927,2.324761708544774,2.382820011505739,7,8,12,8,35,2.134980744851739,2.9847423961775457,2.5122237433851424,2.204643735408838,7,2,7,4,20
d:\New folder\project\results\3_layer\lower\r0\t4.8\t4.8_220_grid0.cif,2.290458626108438,2.626194349228981,2.2916286263372414,2.333699314511913,7,6,8,9,30,2.33519888155551,2.968737916517526,2.404773930125287,2.178486102199017,8,9,7,7,31
d:\New folder\project\results\3_layer\lower\r0\t4.8\t4.8_220_grid1.cif,2.3708207966693435,2.6103254780860374,2.2636956524755343,2.3905482834562415,6,5,4,7,22,2.4527793051776086,2.7905142638843077,2.1607196532751045,2.158844272591175,5,8,10,7,30
d:\New folder\project\results\3_layer\lower\r0\t4.8\t4.8_220_grid2.cif,2.3170256796192943,2.4419297475503803,2.196333755349185,2.4531975502097123,7,4,6,6,23,2.4432386463344886,2.814999552316686,2.1593209579352717,2.2214681249347192,5,8,12,8,33
d:\New folder\project\results\3_layer\lower\r0\t4.8\t4.8_280_grid0.cif,2.3886274626874604,2.8306551416238994,2.0281386838228963,2.5312167090955735,5,5,3,11,24,2.444901375782428,2.839782315319923,2.0557439627561203,2.2104124910944627,8,6,6,7,27
d:\New folder\project\results\3_layer\lower\r0\t4.8\t4.8_280_grid1.cif,2.460903111440667,2.847205092279215,2.021878451534814,2.5647497082602984,4,5,5,8,22,2.450952855937242,2.581768598780674,2.08607248030094,1.976180497242062,4,4,4,14,26
d:\New folder\project\results\3_layer\lower\r0\t4.8\t4.8_280_grid2.cif,2.3341988391360915,2.9127774403399114,2.2129442538729616,1.9247015275984771,8,5,11,10,34,2.103897226045837,2.9870151442573345,2.0731691707953877,2.6320218961144315,9,4,9,2,24
d:\New folder\project\results\3_layer\lower\r0\t4.8\t4.8_320_grid0.cif,2.4058763113544304,2.8040705232618177,1.9699431927937527,2.4080373594861384,14,12,7,22,55,2.252571816528286,3.031354106607032,2.5745208488456415,2.2640007170683782,6,2,4,2,14
d:\New folder\project\results\3_layer\lower\r0\t4.8\t4.8_340_grid2.cif,2.4355951712790995,2.7585355236504756,2.1998246382524154,2.3904980466082164,6,9,10,16,41,2.2875921474860896,2.939388267421839,1.7909647172112457,2.3419081382097118,10,5,10,4,29
d:\New folder\project\results\3_layer\lower\r0\t6.0\t6.0_80_grid2.cif,2.288151545490599,2.9241929433579466,2.1449408785760435,2.4511772148444537,8,7,12,8,35,2.4318596546754536,3.0,2.6994963827112133,2.4906886588860386,4,0,4,2,10
d:\New folder\project\results\3_layer\lower\r0\t6.0\t6.0_80_grid3.cif,2.280215980220949,2.9447328857927553,2.1224717019965786,2.4103767855489977,8,7,13,6,34,2.294612355186315,3.022674994035728,2.5743129904747715,2.232529346334019,8,5,2,10,25
d:\New folder\project\results\3_layer\lower\r0\t6.0\t6.0_220_grid0.cif,2.303376077464637,2.5565944358012973,2.366855694954568,2.4831991951257435,10,12,18,11,51,2.4368712192229967,3.0,2.3071669029325217,3.0,9,0,7,0,16
d:\New folder\project\results\3_layer\lower\r0\t6.0\t6.0_220_grid1.cif,2.2448991723291183,2.442109877012191,2.4767380773548204,2.356119000194822,9,4,8,8,29,2.4588353030174503,2.7045484277004,2.354479940272712,2.378887377040997,7,8,5,13,33
d:\New folder\project\results\3_layer\lower\r0\t6.0\t6.0_220_grid2.cif,2.3481851142282912,2.441763413532366,2.3520325652138374,2.4532850098810264,5,4,8,6,23,2.263940949718295,2.8878243389821225,2.128823252366386,2.2916767736801873,8,8,11,11,38
d:\New folder\project\results\3_layer\lower\r0\t6.0\t6.0_280_grid0.cif,2.3263006137518674,2.705366266832769,2.317305159229159,2.219960243912439,7,8,4,23,42,2.4318596546754536,3.0,2.6994963827112133,2.4906886588860386,4,0,4,2,10
d:\New folder\project\results\3_layer\lower\r0\t6.0\t6.0_280_grid2.cif,2.3794515614190006,2.9267986019679837,2.206379302430065,1.9388479877115792,4,7,10,11,32,2.430902829413324,2.968622656653345,2.3217418357282438,2.5061485600044335,6,2,7,1,16
d:\New folder\project\results\3_layer\lower\r0\t6.0\t6.0_280_grid3.cif,2.3720614271482847,2.922490454378918,2.2380296564651756,2.1710233373211807,10,6,13,8,37,2.2188112282368206,3.0139219275803946,2.3898390258861317,2.403887255295392,11,7,5,8,31
d:\New folder\project\results\3_layer\lower\r0\t6.0\t6.0_340_grid1.cif,2.31946169259269,2.574244469450884,2.471065147092348,2.3689634698001316,12,9,15,15,51,2.290000767828113,3.013963244131995,2.6177822196056098,2.2316032557035292,6,2,4,2,14
d:\New folder\project\results\3_layer\lower\r0\t6.0\t6.0_340_grid3.cif,2.4355485596954427,2.7821887894946626,2.1422012207062098,2.3914226892979626,6,10,9,15,40,2.3673840347404633,2.966998885544088,2.0519924118841466,2.4471383214393825,8,9,14,4,35
d:\New folder\project\results\3_layer\lower\r0\t7.2\t7.2_80_grid1.cif,2.2602504234340475,2.4384193574279776,2.3386904291796333,2.3950120042582577,6,4,6,7,23,2.2547669860055635,2.975227725452612,2.2301039262759472,2.029538382011756,8,7,14,2,31
d:\New folder\project\results\3_layer\lower\r0\t7.2\t7.2_220_grid0.cif,2.2747121235766055,2.554078975717799,2.182586829519804,2.429191960291704,10,12,14,9,45,2.1768430871359734,3.040381371951521,2.4735257349673763,2.1271246397398653,5,5,5,6,21
d:\New folder\project\results\3_layer\lower\r0\t7.2\t7.2_320_grid1.cif,2.4023547661334343,2.6186688651935075,2.302231326729834,2.28545010007604,2,6,4,11,23,2.244856551822035,2.975227725452612,2.4336492262024465,2.420376476509144,10,7,10,4,31
d:\New folder\project\results\3_layer\lower\r20\t1.2\t1.2_220_grid3.cif,2.406263051834458,2.6304817881266804,2.154239122884251,2.415089818662742,8,6,8,7,29,1.9030679865239009,2.7412648207041688,2.009685499016407,2.220500415061468,3,9,11,6,29
d:\New folder\project\results\3_layer\lower\r20\t2.4\t2.4_220_grid0.cif,2.3557605253213874,2.621816105138691,2.286086816421916,2.331890186666342,5,6,8,11,30,2.0298129839312233,2.9091071361432843,1.9667104339042891,1.727793851372858,5,4,12,3,24
d:\New folder\project\results\3_layer\lower\r20\t2.4\t2.4_280_grid2.cif,2.392000151911848,2.7484511850307793,2.377221179357604,2.276811996309531,5,12,13,15,45,2.359786724456708,3.00291553104684,2.3094700587249712,2.3865097541173395,7,4,12,3,26
d:\New folder\project\results\3_layer\lower\r20\t2.4\t2.4_340_grid1.cif,2.4002318716275175,2.9069993320488035,2.6283258189620926,2.343324966249586,4,4,2,10,20,2.4433148090912398,3.006552047194689,3.0,2.0391978699994984,4,2,0,12,18
d:\New folder\project\results\3_layer\lower\r20\t6.0\t6.0_80_grid0.cif,2.249229420786728,2.6142235318406235,2.20531835398324,2.299116608400865,12,10,16,15,53,2.328147207206283,3.0,2.597422752199857,2.6815250856481407,6,0,4,2,12
d:\New folder\project\results\3_layer\lower\r20\t6.0\t6.0_80_grid1.cif,2.452847869659946,2.9893251341917404,2.630798033004168,2.4639622355492756,4,5,9,8,26,2.217939662210161,3.0071819796021098,2.137654377635922,2.217955664868414,9,4,10,11,34
d:\New folder\project\results\3_layer\lower\r20\t6.0\t6.0_220_grid0.cif,2.3194986461163656,2.6172130970802914,2.4097759038382973,2.4029498885135383,12,13,16,15,56,2.328147207206283,3.0,2.597422752199857,2.6815250856481407,6,0,4,2,12
d:\New folder\project\results\3_layer\lower\r20\t6.0\t6.0_220_grid2.cif,2.3745549061732882,2.611907276833526,2.2174139000779687,2.510060564691364,10,10,15,11,46,2.2526492889528327,3.032289034759266,2.399905190129384,2.3793767777583557,6,3,4,6,19
d:\New folder\project\results\3_layer\lower\r20\t6.0\t6.0_280_grid2.cif,2.263100919690641,2.752568158196278,2.177874299593652,2.332840179405829,14,10,8,18,50,2.328147207206283,3.0,2.597422752199857,2.6815250856481407,6,0,4,2,12
d:\New folder\project\results\3_layer\lower\r20\t6.0\t6.0_280_grid3.cif,2.448922303317648,2.888551465476601,2.7223745749740442,2.3962588360161163,4,4,4,8,20,2.436923749469762,2.584642981042102,2.0138499004171866,2.1679060164812562,4,4,4,8,20
d:\New folder\project\results\3_layer\lower\r20\t6.0\t6.0_320_grid2.cif,2.3043772463125487,2.7645619935642567,2.2821077786767723,2.3503285484070506,9,11,10,20,50,2.328147207206283,3.0,2.597422752199857,2.6815250856481407,6,0,4,2,12
d:\New folder\project\results\3_layer\lower\r80\t1.2\t1.2_280_grid1.cif,2.17659508160491,2.9133891072182934,2.115246063407365,2.2471331485713852,10,15,14,22,61,2.282608933111775,2.9008293132379466,2.093983014560454,2.6155072664437466,2,2,2,4,10
d:\New folder\project\results\3_layer\lower\r80\t1.2\t1.2_320_grid1.cif,2.2258311828797246,2.716665720441802,2.208617068256346,2.312649480191129,12,13,12,25,62,2.282608933111775,2.9008293132379466,2.093983014560454,2.6155072664437466,2,2,2,4,10
d:\New folder\project\results\3_layer\lower\r80\t1.2\t1.2_320_grid2.cif,2.332781295245611,2.7660195171138926,2.1903845145902276,2.281237390170093,14,11,6,25,56,1.7794176920800133,2.8031584769429836,1.98538817401143,2.102107432037082,4,2,2,2,10
d:\New folder\project\results\3_layer\lower\r80\t1.2\t1.2_340_grid0.cif,2.3578823146048347,3.0,2.1614752696916972,3.0,6,0,10,0,16,1.7703773415419113,3.010013049544349,3.0,2.097080851014784,2,4,0,8,14
d:\New folder\project\results\3_layer\lower\r80\t1.2\t1.2_340_grid1.cif,2.2700283371815213,2.8038865619582993,2.211207413827553,2.305160729892727,14,15,15,18,62,1.7752005120457053,2.9008293132379466,2.029814659626071,2.399336516029066,4,2,2,4,12
d:\New folder\project\results\3_layer\lower\r80\t2.4\t2.4_80_grid0.cif,2.2349995655734785,3.0,1.9574697165918513,3.0,6,0,12,0,18,2.430207346832344,2.9836067067020826,2.6139383977669266,2.0581875326550825,2,4,3,6,15
d:\New folder\project\results\3_layer\lower\r80\t2.4\t2.4_80_grid2.cif,2.1026817918448346,2.839184358893249,1.9245300629796993,1.8158619621961716,4,9,10,8,31,2.3948106382854073,2.773875481646562,2.0514095099193694,2.386517681007534,6,4,4,6,20
d:\New folder\project\results\3_layer\lower\r80\t2.4\t2.4_80_grid3.cif,2.3852251145761647,3.0309630474175218,2.546230409945773,2.3528613641437337,9,7,10,9,35,2.180663370260343,2.945992455776595,1.9678706362359308,2.2828898940952,6,6,7,10,29
d:\New folder\project\results\3_layer\lower\r80\t2.4\t2.4_220_grid0.cif,2.3429036225419018,2.8040459239904694,1.9065390863405423,2.089125340454433,7,7,8,13,35,2.442473731918218,2.9397651340220303,2.422576842032603,2.2914359624963474,3,6,6,8,23
d:\New folder\project\results\3_layer\lower\r80\t2.4\t2.4_220_grid2.cif,2.1820259670285655,2.916894634599628,2.028311569205134,2.2667141800203012,7,4,2,13,26,2.293468459034937,2.4962949028618944,2.082315522704701,2.1978979560082434,4,6,6,8,24
d:\New folder\project\results\3_layer\lower\r80\t2.4\t2.4_220_grid3.cif,2.283672558329365,2.9395757954539357,1.7915585372792013,2.229448796538283,12,7,9,10,38,2.4031071459035007,2.9661467915872066,2.2804090830523327,2.370884266106108,1,7,7,11,26
d:\New folder\project\results\3_layer\lower\r80\t2.4\t2.4_220_grid5.cif,2.3146031583822597,2.943263506099617,1.891232726279213,2.319529176453295,9,8,8,10,35,2.2784872394235705,2.959065497118019,2.33249757043347,2.3198369593476786,2,6,6,12,26
d:\New folder\project\results\3_layer\lower\r80\t2.4\t2.4_280_grid0.cif,2.363699457353621,3.068750355405669,2.3033508856342593,2.793610412180514,6,2,4,2,14,1.7718275709780194,2.8875168540880476,2.030803729583451,2.567410762702386,2,2,2,2,8
d:\New folder\project\results\3_layer\lower\r80\t2.4\t2.4_280_grid3.cif,2.3540351630798075,2.9798859029123363,2.1735865436395208,2.4770592881718088,11,4,14,6,35,2.402240148735401,2.9722139256673223,2.3142226168818882,2.543048223048892,4,6,6,8,24
d:\New folder\project\results\3_layer\lower\r80\t2.4\t2.4_320_grid2.cif,2.221944420578175,2.9491439909025665,2.050898532036177,2.2607706938762933,6,6,4,13,29,2.255553045388936,2.4962949028618944,2.3793632780464606,2.2770852276325515,6,6,4,14,30
d:\New folder\project\results\3_layer\lower\r80\t2.4\t2.4_320_grid3.cif,2.3430332019703997,2.8122414350257534,2.046708042695824,2.217320103178104,16,9,6,18,49,2.3483211508860293,2.9539533797257818,2.266572722071608,2.343648270388019,6,6,7,11,30
d:\New folder\project\results\3_layer\lower\r80\t2.4\t2.4_340_grid2.cif,2.1820259670285655,2.916894634599628,2.028311569205134,2.2667141800203012,7,4,2,13,26,2.293468459034937,2.4962949028618944,2.082315522704701,2.1978979560082434,4,6,6,8,24
d:\New folder\project\results\3_layer\lower\r80\t2.4\t2.4_340_grid3.cif,2.32969707946611,2.8122414350257525,2.4394814452918454,2.23602607659526,8,9,6,19,42,2.4031071459035007,2.945992455776595,2.417477512075687,2.4521953657874462,1,6,7,8,22
d:\New folder\project\results\3_layer\lower\r80\t3.6\t3.6_80_grid0.cif,2.2649167620956616,3.0,2.129067476798237,3.0,6,0,14,0,20,2.435498312932667,2.986732238530353,2.6730177644819344,1.8339830024746417,1,3,4,4,12
d:\New folder\project\results\3_layer\lower\r80\t3.6\t3.6_80_grid1.cif,2.1691215726438435,2.762405507425255,2.131911802117602,2.153888577335554,14,11,14,24,63,2.1048046286531292,2.875174898063802,2.1086034176496984,2.7532215981620625,2,2,2,3,9
d:\New folder\project\results\3_layer\lower\r80\t3.6\t3.6_80_grid2.cif,2.1878735226456794,2.873425705104542,1.9603602044160755,1.9608366256619438,11,10,12,21,54,2.162046776581551,3.1331460306275787,2.41772744357785,2.768747461234698,2,2,2,3,9
d:\New folder\project\results\3_layer\lower\r80\t3.6\t3.6_220_grid1.cif,2.311571571578966,2.845058923309421,1.9270884542018816,1.8587742020150224,4,9,10,10,33,2.3379811317949244,2.8557129066090923,2.1821926207488653,2.2443015451270876,4,5,5,9,23
d:\New folder\project\results\3_layer\lower\r80\t3.6\t3.6_280_grid0.cif,2.2882925364646898,3.0,2.2570383164112444,3.0,4,0,10,0,14,1.7809929867773764,2.986732238530353,2.671277285240871,1.8871747464429443,1,3,2,5,11
d:\New folder\project\results\3_layer\lower\r80\t3.6\t3.6_340_grid2.cif,2.1911943033445196,2.850668852218083,2.1648783449661044,2.2073997295806937,5,7,8,10,30,2.330554581842932,2.4923802361867065,2.418177925043716,2.434326500680454,6,3,6,8,23
d:\New folder\project\results\3_layer\lower\r200\t0\t0_80_grid2.cif,2.3757348252309565,2.6033446141765135,2.2716911972505445,2.1800172970066622,6,6,5,12,29,2.445282905810861,2.6223384502455893,2.1702177722696265,2.200834959221391,6,6,8,6,26
d:\New folder\project\results\3_layer\lower\r200\t0\t0_220_grid1.cif,2.361024201083354,2.5303632971527277,2.4194301631139417,2.3885018497560004,10,9,14,14,47,2.2876252702140705,2.739052498705574,2.543116445263406,2.1641569332450126,6,2,4,2,14
d:\New folder\project\results\3_layer\lower\r200\t0\t0_280_grid2.cif,2.352590718474484,2.6033446141765135,2.1538978505572492,2.165943483876771,4,6,6,8,24,2.445282905810861,2.8295944420448116,2.038867862335881,2.2431619145964383,6,6,6,8,26
d:\New folder\project\results\3_layer\lower\r200\t0\t0_320_grid1.cif,2.306470265675806,2.6725003053005953,2.19949416293212,2.434671628068616,15,11,16,12,54,2.2876252702140705,2.739052498705574,2.543116445263406,2.1641569332450126,6,2,4,2,14
d:\New folder\project\results\3_layer\lower\r200\t0\t0_340_grid1.cif,2.3454014392027025,2.5908358635856428,2.395028159576032,2.395070798991254,14,9,12,13,48,2.2876252702140705,2.739052498705574,2.543116445263406,2.1641569332450126,6,2,4,2,14
d:\New folder\project\results\3_layer\lower\r200\t3.6\t3.6_340_grid0.cif,3.0,2.9090818889456855,1.9143829590749177,2.541862114490161,0,8,8,11,27,2.1715886591498355,2.8740060137163046,3.0,1.6709482381384642,6,3,0,4,13
d:\New folder\project\results\3_layer\lower\r200\t4.8\t4.8_220_grid1.cif,2.3575864116226675,2.4390653062771728,2.449802215596617,2.1324374961894743,4,4,5,11,24,2.1795908439094362,2.7671796707786553,2.2005967790764105,2.3564338563459537,1,7,8,10,26
d:\New folder\project\results\3_layer\lower\r200\t4.8\t4.8_340_grid1.cif,2.241804082833456,2.582669656700356,2.242849483881307,2.2802660345354706,12,12,11,16,51,2.155213789563935,2.8737952805081477,3.0,1.799443435617152,5,3,0,6,14
d:\New folder\project\results\3_layer\lower\r200\t4.8\t4.8_340_grid3.cif,2.333322536029045,2.5899444977846136,2.3947615491721437,2.42325959352262,13,10,12,16,51,2.319182545076715,2.8480466604967187,2.336227975143279,2.6079003425436995,4,2,4,4,14
d:\New folder\project\results\3_layer\lower\r200\t8.4\t8.4_320_grid2.cif,2.3951088187449883,2.906834173348631,2.298210608903206,2.3827218099037095,8,12,16,14,50,2.246156459208665,2.7482829261946997,2.6509433059486307,2.169231201687981,4,2,4,2,12
d:\New folder\project\results\3_layer\lower\r200\t9.6\t9.6_80_grid1.cif,2.3335410518750628,2.535741908163076,2.346749193660331,2.395361802669623,7,4,6,6,23,2.3452305937089077,2.6186559179471587,2.2945497453670223,2.2514321093058243,4,6,4,12,26
d:\New folder\project\results\3_layer\lower\r200\t9.6\t9.6_220_grid2.cif,2.339883606358429,2.7240443329368516,1.9808115144902625,2.1635248001763507,8,10,14,8,40,2.148128421075988,2.7515461458339603,2.0473450562073054,2.0757749740144367,6,2,12,6,26
d:\New folder\project\results\3_layer\lower\r200\t9.6\t9.6_280_grid2.cif,2.350759409904062,2.892324667425048,2.1367622382331843,2.186172362226639,10,2,12,4,28,2.2488056588666945,2.8756541317862316,2.040053773030067,2.642127115056846,10,4,12,2,28
d:\New folder\project\results\3_layer\lower\r200\t9.6\t9.6_320_grid1.cif,2.398228241204557,2.903902876121151,2.13496233537664,2.422742155554572,2,6,4,8,20,2.3159401255124603,2.8832795264528115,2.3632104282405715,2.110152624246065,4,5,6,8,23
d:\New folder\project\results\3_layer\lower\r200\t9.6\t9.6_320_grid4.cif,2.3033625017388117,2.707241802694402,2.2922742596289103,2.2949658627061345,9,13,13,19,54,2.4125836685586552,2.8349750049904836,2.449395700610724,2.4302307380433366,4,2,2,4,12
d:\New folder\project\results\3_layer\lower\r200\t9.6\t9.6_340_grid1.cif,2.401726890602732,2.904225609903204,2.3387223286614347,2.6750873711277423,5,6,10,4,25,2.331381087315911,2.9703092032389646,2.3753533841130583,2.096168044279221,4,9,6,12,31
d:\New folder\project\results\3_layer\lower\r200\t9.6\t9.6_340_grid4.cif,2.2582049995813125,2.7072418026944,2.3204361337935437,2.319625703879505,14,13,13,17,57,2.3928412719644645,2.8349750049904836,2.449395700610724,2.4302307380433366,6,2,2,4,14
d:\New folder\project\results\3_layer\lower\r220\t0\t0_220_grid3.cif,2.1879012678313603,2.916387493667596,2.0864017755619155,2.0212081119038574,6,6,2,10,24,2.372042164496571,2.6100341897625827,2.3630189019228016,2.2827687864426562,7,9,15,14,45
d:\New folder\project\results\3_layer\lower\r220\t7.2\t7.2_220_grid2.cif,2.3072393257267363,2.5495523485292204,2.413794433191415,2.1547252700971766,7,9,13,20,49,2.3596614375988816,2.9772503661562966,2.6022231815882284,2.4608592326929055,6,4,4,4,18
d:\New folder\project\results\3_layer\lower\r220\t7.2\t7.2_280_grid3.cif,2.3246916450393917,2.6891316248580175,2.2674713768859514,2.17896080505133,6,6,8,7,27,2.4376889470308862,2.6211872215677303,2.2165212870276116,2.012886232046538,9,5,8,7,29
d:\New folder\project\results\3_layer\lower\r220\t7.2\t7.2_320_grid1.cif,2.4183861523100725,2.8846684045322037,2.488410930410078,2.2318067586106225,5,8,6,12,31,2.3004774766428495,2.9758617798737586,2.2191088081878103,2.2756262195071164,5,9,10,4,28
d:\New folder\project\results\3_layer\lower\r220\t8.4\t8.4_80_grid0.cif,2.146271156238516,2.9497859941786593,2.2652082895598804,2.0615284772715636,7,12,8,22,49,3.0,3.007728129134537,2.1125211519219533,2.281897773895939,0,2,2,2,6
d:\New folder\project\results\3_layer\lower\r220\t8.4\t8.4_320_grid1.cif,2.420964930009455,2.9700395225870984,2.467343182507571,2.3054158674085112,5,9,7,11,32,1.9110551222596506,2.9762805081005816,2.2882480644017966,2.2273692338833766,4,10,10,6,30
d:\New folder\project\results\3_layer\lower\r260\t4.8\t4.8_220_grid3.cif,2.398618948418365,2.583752861575264,2.2120476832978797,2.100034340928344,5,10,8,23,46,2.381760910242526,2.921554333458811,2.6387240016603712,2.0774096663337955,1,3,8,7,19
d:\New folder\project\results\3_layer\lower\r260\t4.8\t4.8_220_grid4.cif,2.3900907185686364,2.795716004577468,1.7192771380102352,1.9028658962960692,2,6,6,11,25,2.355119498960789,2.492684970623809,2.2421849978428194,2.2139784567490977,6,6,6,12,30
d:\New folder\project\results\3_layer\lower\r260\t4.8\t4.8_280_grid2.cif,2.1962790517545216,3.0327042949649963,2.4498972217508173,2.304907945616672,3,5,3,5,16,2.381760910242526,3.0,2.4688384519027418,3.0,1,0,8,0,9
d:\New folder\project\results\3_layer\lower\r260\t4.8\t4.8_340_grid0.cif,2.386765018342546,3.041723053331372,2.4597012569669303,2.100388506820483,4,4,8,2,18,2.381760910242526,2.894869817912899,2.610757563665665,1.877106465177774,1,5,4,8,18
d:\New folder\project\results\3_layer\lower\r260\t6.0\t6.0_80_grid2.cif,2.304034560555362,3.0363516498459897,2.46953030083552,2.074883610488916,5,4,7,1,17,2.164941236071001,2.8939163251020186,2.1892219919819866,1.7460543068174552,6,4,8,6,24
d:\New folder\project\results\3_layer\lower\r260\t7.2\t7.2_80_grid2.cif,2.4394176984322775,3.0607576215749903,2.5868119192970975,2.679746913172891,4,4,8,2,18,2.4310340324514934,2.9292712427237095,1.6825210645395972,1.7944102643874054,4,4,4,4,16
d:\New folder\project\results\3_layer\lower\r260\t7.2\t7.2_220_grid2.cif,2.425185254709341,2.98182258228101,2.2373330042766053,2.0384855915954807,6,7,13,2,28,2.380488467965274,2.8172930699455856,2.45359567562955,2.222458257810003,6,4,8,5,23
d:\New folder\project\results\3_layer\lower\r280\t4.8\t4.8_320_grid3.cif,2.1195707800223493,2.894318263814383,2.0991037292780117,1.9885354885367945,6,2,2,14,24,2.262207607858479,2.4899452805759297,2.16023414769289,2.197642883866941,7,6,6,10,29
d:\New folder\project\results\3_layer\lower\r280\t7.2\t7.2_80_grid0.cif,2.2614371717641384,3.003044593235629,1.9806234530434674,2.308530694528004,10,7,6,8,31,2.181767320726768,2.928164830854641,2.073962959691315,2.1839746872456383,6,6,8,8,28
d:\New folder\project\results\3_layer\lower\r280\t7.2\t7.2_220_grid2.cif,2.3843200281626,3.044592988141935,2.348229636868825,2.0891295105735024,6,4,13,4,27,2.4732011485208,2.9258809809185884,2.415399763590061,2.1157220365918903,6,6,6,6,24
d:\New folder\project\results\3_layer\lower\r300\t0\t0_80_grid2.cif,2.4546489144070485,2.4385342257928855,2.3283645059895197,2.2611651933062276,2,4,8,6,20,2.385555788525701,2.686391559391926,2.3452148714222343,2.341094362753497,7,7,8,6,28
d:\New folder\project\results\3_layer\lower\r320\t4.8\t4.8_80_grid2.cif,2.3421559788376123,2.413879923676987,2.2437934429749444,2.267334541130378,6,9,16,13,44,2.4201948759957337,3.0,2.4204317182130533,2.5757694737087857,2,0,1,4,7
d:\New folder\project\results\3_layer\lower\r320\t4.8\t4.8_220_grid3.cif,2.315096976943395,2.4384380944261914,2.3367718098582495,2.3506706160983626,4,4,8,4,20,2.335321913056107,2.4854537721944836,2.414329299455786,2.3563487993591936,6,6,5,10,27
d:\New folder\project\results\3_layer\lower\r320\t4.8\t4.8_320_grid0.cif,2.288291387765381,2.9169765467536832,2.0457373273531565,2.3711021227646465,13,5,9,8,35,2.383281134705397,2.8881633246706984,2.2699457915099415,2.2939172813627255,7,5,10,9,31
d:\New folder\project\results\3_layer\lower\r320\t6.0\t6.0_80_grid0.cif,2.414423544326651,2.970430586302708,2.3159617512462125,2.169635756722715,10,5,14,14,43,2.1190647105570086,2.987570815629356,3.0,2.0491845607671704,7,3,0,13,23
d:\New folder\project\results\3_layer\lower\r320\t6.0\t6.0_220_grid0.cif,2.350345650928137,2.746097664474405,2.0616452913399783,2.31551098479956,8,7,8,16,39,2.404685295469912,2.987570815629356,2.6718084209601587,2.0560584137212063,2,3,4,12,21
d:\New folder\project\results\3_layer\lower\r320\t6.0\t6.0_220_grid2.cif,2.315807375138411,2.265700463326878,2.369187089624287,2.344776265877445,4,4,7,4,19,2.344246762309768,2.482608114875082,2.4654824898622567,2.382646184644198,6,6,6,10,28
d:\New folder\project\results\3_layer\lower\r320\t6.0\t6.0_320_grid0.cif,2.3954610769148754,2.6805416133249906,2.1538006623403825,2.1369249443135185,12,8,7,18,45,1.9344605790918665,2.994920535713282,2.0379964079080843,2.125683213430259,4,1,1,8,14
d:\New folder\project\results\3_layer\lower\r320\t6.0\t6.0_340_grid0.cif,2.329744694602237,2.6480089450188578,2.2178901054788476,2.287530566926536,8,9,9,20,46,1.9867335113034923,2.987570815629356,3.0,2.1034431663849804,3,3,0,11,17
d:\New folder\project\results\3_layer\lower\r320\t6.0\t6.0_340_grid2.cif,2.378824815040834,2.265700463326878,2.568419771512901,2.30185545951126,3,4,4,10,21,2.347431478493917,2.437288195401754,2.2319587660162017,2.5315026048675184,8,4,6,8,26
d:\New folder\project\results\3_layer\lower\r320\t7.2\t7.2_220_grid3.cif,2.450804026137595,2.5409948336152914,1.8280376254338322,2.268602582644392,4,5,3,16,28,2.449420126677557,2.9677654111169436,2.3158206055142103,2.539943637634569,2,4,8,2,16
d:\New folder\project\results\3_layer\lower\r320\t8.4\t8.4_80_grid1.cif,2.3223992204421955,2.4290133630343616,2.3448097052344687,2.208224761898753,7,8,10,21,46,1.7791137098083638,3.0,2.0273225044583567,2.214812341261302,4,0,2,4,10
d:\New folder\project\results\3_layer\lower\r320\t8.4\t8.4_220_grid1.cif,2.3514029712876114,2.3936378398261775,2.4749517783103676,2.3505421654432084,7,10,13,16,46,1.7791137098083638,3.0,2.0273225044583567,2.214812341261302,4,0,2,4,10
d:\New folder\project\results\3_layer\lower\r340\t3.6\t3.6_220_grid0.cif,2.326368116260333,2.4178598046727426,2.3818397606730684,2.3899696570697486,9,9,15,14,47,2.2257627381498515,2.743905863994151,1.621830040404507,3.0,4,2,4,0,10
d:\New folder\project\results\3_layer\lower\r340\t3.6\t3.6_220_grid1.cif,2.402048039137377,2.5596872610928827,2.234039587860239,2.286037468508939,4,8,8,14,34,2.3453799910363657,2.680002847558395,2.150899146377216,2.3269684651820657,7,5,6,8,26
d:\New folder\project\results\3_layer\lower\r340\t4.8\t4.8_80_grid0.cif,2.3113937830780333,2.991728857431479,2.088129428043613,2.024937889765093,9,7,15,11,42,2.3088601837899496,2.8651816463141087,2.4921257136500627,2.04253861808473,8,2,6,6,22
d:\New folder\project\results\3_layer\lower\r340\t4.8\t4.8_220_grid0.cif,2.3855533793456387,2.531145731333881,2.3618824571976864,2.3713377641156477,9,9,10,18,46,2.4198974567339846,2.7056295782279154,2.292110310653384,1.7271609717334477,4,2,2,2,10
d:\New folder\project\results\3_layer\lower\r340\t4.8\t4.8_220_grid1.cif,2.142454661036423,2.4374396812083683,2.5231975963079365,2.2696907060944307,5,4,6,12,27,2.4681633618691357,2.788209083599992,2.152089306119854,2.1646219009496748,6,8,10,6,30
d:\New folder\project\results\3_layer\lower\r340\t4.8\t4.8_340_grid0.cif,2.334155572341063,2.664509482504291,2.3032482049796146,2.3549718057253175,13,13,12,15,53,2.4198974567339846,2.7056295782279154,2.292110310653384,1.7271609717334477,4,2,2,2,10
d:\New folder\project\results\3_layer\lower\r340\t6.0\t6.0_80_grid0.cif,2.281711883665061,2.7810174561768854,1.9998044344644548,2.3478098103639007,8,11,16,14,49,2.1703722742819993,2.7485074647607113,2.361458996604338,1.9778790735285274,4,2,2,2,10
d:\New folder\project\results\3_layer\lower\r340\t6.0\t6.0_220_grid1.cif,2.4220538687230913,2.4395695772088533,2.525881427442105,2.24036716020826,5,4,6,14,29,2.2924620074633406,2.9799449000774625,2.1900779795214476,2.02285415538445,9,7,14,2,32
d:\New folder\project\results\3_layer\lower\r340\t6.0\t6.0_220_grid2.cif,2.353476972988888,2.6249812521287703,2.442581973279427,2.3760550702740852,5,5,6,7,23,2.2049768779564,2.706228063309213,2.0880081523133684,2.221897454244941,6,6,8,12,32
d:\New folder\project\results\3_layer\lower\r340\t6.0\t6.0_220_grid3.cif,2.296602559677406,2.439930552250158,2.5011531836184675,2.358567384087343,5,4,8,8,25,2.2049768779564,2.7928352244260557,2.1226040818873444,2.059030240424937,6,8,12,6,32
d:\New folder\project\results\3_layer\lower\r340\t6.0\t6.0_280_grid2.cif,2.3727841834177754,2.8538969310753526,0.9770682151263068,2.292978996050861,4,4,2,8,18,2.4318147939652377,2.8181590589164682,2.042346932236725,2.240807245688811,8,6,6,8,28
d:\New folder\project\results\3_layer\upper\r0\t0\t0_340_grid2.cif,2.311630602401396,2.904490534351275,2.5545043820656197,2.172679382622025,2,2,4,2,10,2.4569688464155104,3.0,1.9909780673013053,2.118177138237843,6,0,6,6,18
d:\New folder\project\results\3_layer\upper\r0\t1.2\t1.2_320_grid2.cif,2.3051624489776152,2.9356694228561304,2.5552588030156667,2.1944374684834433,2,2,4,2,10,3.0,3.0,3.0,2.195323349091196,0,0,0,2,2
d:\New folder\project\results\3_layer\upper\r0\t4.8\t4.8_80_grid0.cif,2.1919101794144296,2.9847423961775457,2.606090311622786,2.3187430624361234,2,2,4,2,10,2.2116777631561453,3.0,3.0,3.0,2,0,0,0,2
d:\New folder\project\results\3_layer\upper\r0\t4.8\t4.8_80_grid2.cif,2.2575590550853204,3.031354106607032,2.5745208488456415,2.2640007170683782,4,2,4,2,12,2.2475940517770234,3.0,3.0,3.0,2,0,0,0,2
d:\New folder\project\results\3_layer\upper\r0\t4.8\t4.8_280_grid0.cif,2.2575590550853204,3.031354106607032,2.5745208488456415,2.2640007170683782,4,2,4,2,12,2.2435982362747646,3.0,3.0,2.596320083296813,2,0,0,2,4
d:\New folder\project\results\3_layer\upper\r0\t4.8\t4.8_280_grid2.cif,2.1919101794144296,2.9847423961775457,2.606090311622786,2.3187430624361234,2,2,4,2,10,2.2033362261005984,3.05278815363741,2.3595389289442505,2.6977329371061822,2,2,2,2,8
d:\New folder\project\results\3_layer\upper\r0\t4.8\t4.8_280_grid3.cif,2.2575590550853204,3.031354106607032,2.5745208488456415,2.2640007170683782,4,2,4,2,12,2.2467781225945513,3.0,3.0,3.0,2,0,0,0,2
d:\New folder\project\results\3_layer\upper\r0\t4.8\t4.8_340_grid3.cif,2.1919101794144296,2.9847423961775457,2.606090311622786,2.3187430624361234,2,2,4,2,10,2.1966968871802255,3.1252134572946657,3.0,2.769374142853034,2,1,0,2,5
d:\New folder\project\results\3_layer\upper\r0\t6.0\t6.0_80_grid0.cif,2.290000767828113,3.013963244131995,2.6177822196056098,2.2316032557035292,6,2,4,2,14,2.2075977384392544,3.0,3.0,3.0,2,0,0,0,2
d:\New folder\project\results\3_layer\upper\r0\t6.0\t6.0_80_grid2.cif,2.4076217613100885,3.0,2.454960166416806,2.2093948722357633,4,0,5,6,15,2.3072154482324367,2.756044719992175,2.206724737975343,2.131150236530361,13,12,11,24,60
d:\New folder\project\results\3_layer\upper\r0\t6.0\t6.0_80_grid3.cif,2.290000767828113,3.013963244131995,2.6177822196056098,2.2316032557035292,6,2,4,2,14,2.3469187936590634,3.0,2.3606719738638313,1.995737629128718,4,0,2,2,8
d:\New folder\project\results\3_layer\upper\r0\t6.0\t6.0_220_grid2.cif,2.290000767828113,3.013963244131995,2.6177822196056098,2.2316032557035292,6,2,4,2,14,2.1290898795161204,2.9074787474867283,3.0,1.743029141248897,8,3,0,7,18
d:\New folder\project\results\3_layer\upper\r0\t6.0\t6.0_280_grid0.cif,2.290000767828113,3.013963244131995,2.6177822196056098,2.2316032557035292,6,2,4,2,14,2.287839410535024,3.0,2.551341302182079,3.0,4,0,4,0,8
d:\New folder\project\results\3_layer\upper\r0\t6.0\t6.0_280_grid1.cif,2.4318596546754536,3.0,2.6994963827112133,2.4906886588860386,4,0,4,2,10,2.4447015652868465,3.0,3.0,3.0,2,0,0,0,2
d:\New folder\project\results\3_layer\upper\r0\t6.0\t6.0_320_grid1.cif,2.4318596546754536,3.0,2.6994963827112133,2.4906886588860386,4,0,4,2,10,2.453136625383612,3.0,2.5987067355195625,3.0,2,0,2,0,4
d:\New folder\project\results\3_layer\upper\r0\t6.0\t6.0_340_grid1.cif,2.4318596546754536,3.0,2.6994963827112133,2.4906886588860386,4,0,4,2,10,2.4103618666015816,3.0,2.672909515685009,3.0,1,0,2,0,3
d:\New folder\project\results\3_layer\upper\r0\t7.2\t7.2_80_grid1.cif,2.270754283904244,3.0043495160048055,2.6000954436100705,2.2042343766761685,6,2,3,2,13,2.1642206874013517,2.813304254338328,3.0,2.685621142845198,2,2,0,2,6
d:\New folder\project\results\3_layer\upper\r0\t7.2\t7.2_80_grid2.cif,2.270754283904244,3.0043495160048055,2.6000954436100705,2.2042343766761685,6,2,3,2,13,2.344096601180688,2.8131104152202706,3.0,2.723812310003576,3,2,0,2,7
d:\New folder\project\results\3_layer\upper\r0\t7.2\t7.2_220_grid3.cif,2.270754283904244,3.0043495160048055,2.6000954436100705,2.2042343766761685,6,2,3,2,13,2.1638331954505543,2.919381193393468,3.0,2.001579928573493,8,4,0,12,24
d:\New folder\project\results\3_layer\upper\r0\t7.2\t7.2_280_grid1.cif,2.270754283904244,3.0043495160048055,2.6000954436100705,2.2042343766761685,6,2,3,2,13,2.1618704152678463,3.0,3.0,3.0,2,0,0,0,2
d:\New folder\project\results\3_layer\upper\r0\t7.2\t7.2_280_grid2.cif,2.270754283904244,3.0043495160048055,2.6000954436100705,2.2042343766761685,6,2,3,2,13,2.1613263247209717,3.0,3.0,3.0,2,0,0,0,2
d:\New folder\project\results\3_layer\upper\r0\t7.2\t7.2_340_grid3.cif,2.270754283904244,3.0043495160048055,2.6000954436100705,2.2042343766761685,6,2,3,2,13,2.290601501438436,3.0,3.0,3.0,4,0,0,0,4
d:\New folder\project\results\3_layer\upper\r20\t1.2\t1.2_220_grid1.cif,2.17082265941431,2.924209345502096,1.7522188737667812,1.9825678712591217,6,6,5,7,24,2.146326178472341,2.6164011992354967,2.120808750926015,2.317895223603514,8,14,18,12,52
d:\New folder\project\results\3_layer\upper\r20\t4.8\t4.8_280_grid2.cif,2.2862241829635748,2.843862750578559,2.627302751956104,2.171469655362807,2,2,4,4,12,3.0,2.82201981232177,2.6315796937088916,1.9896180365392016,0,1,2,1,4
d:\New folder\project\results\3_layer\upper\r20\t4.8\t4.8_340_grid3.cif,2.2862241829635748,2.843862750578559,2.627302751956104,2.171469655362807,2,2,4,4,12,2.0761255302664052,2.8484491864704076,2.091744941964785,2.4476971339711877,4,10,8,15,37
d:\New folder\project\results\3_layer\upper\r60\t9.6\t9.6_340_grid0.cif,2.468362543279082,2.9423432891114336,2.283505934283281,2.416584111835249,2,2,2,3,9,2.1166634751154314,3.1185451600720686,2.46769994811322,2.1014361802960653,4,1,6,2,13
d:\New folder\project\results\3_layer\upper\r80\t1.2\t1.2_80_grid0.cif,2.282608933111775,2.9008293132379466,2.093983014560454,2.6155072664437466,2,2,2,4,10,2.274329147793067,2.61503475589521,2.1687059750897726,2.3378168202012555,14,12,18,16,60
d:\New folder\project\results\3_layer\upper\r80\t1.2\t1.2_280_grid1.cif,2.1974136502790786,2.8031584769429836,1.98538817401143,2.264311972799807,2,2,2,2,8,2.4435354074811513,2.5789986437829526,2.0028921917390337,2.3336932108990274,6,13,18,8,45
d:\New folder\project\results\3_layer\upper\r80\t1.2\t1.2_280_grid2.cif,2.3759327703038213,2.754673751707907,1.9005943844920499,2.5669172727973693,4,2,2,4,12,2.346030221149683,2.5525358809702636,2.0404759582089778,2.1688222335681444,6,12,16,10,44
d:\New folder\project\results\3_layer\upper\r80\t1.2\t1.2_340_grid2.cif,2.4049860563979437,2.9344730949731312,1.981289471051334,2.680216628684594,6,4,2,6,18,2.3619146527877786,2.5842631338368114,2.3698125696739814,2.280770480397214,9,13,14,18,54
d:\New folder\project\results\3_layer\upper\r80\t2.4\t2.4_80_grid0.cif,2.3100552754771635,3.045887901502152,2.437549053585598,2.617595897080446,4,1,2,5,12,2.223499969441922,3.0,3.0,3.0,2,0,0,0,2
d:\New folder\project\results\3_layer\upper\r80\t2.4\t2.4_80_grid3.cif,2.262542385320465,2.8875168540880476,2.0820073952241316,2.620778144862517,2,2,2,4,10,2.081677365593954,3.0,3.0,3.0,2,0,0,0,2
d:\New folder\project\results\3_layer\upper\r80\t2.4\t2.4_220_grid0.cif,2.262542385320465,2.8875168540880476,2.0820073952241316,2.620778144862517,2,2,2,4,10,2.1143997329379385,3.0,3.0,3.0,2,0,0,0,2
d:\New folder\project\results\3_layer\upper\r80\t2.4\t2.4_220_grid1.cif,2.262542385320465,2.8875168540880476,2.0820073952241316,2.620778144862517,2,2,2,4,10,2.3725995906122606,2.652059382514172,1.9082372660581786,2.236895902695732,6,9,14,6,35
d:\New folder\project\results\3_layer\upper\r80\t2.4\t2.4_220_grid2.cif,2.1686417779914895,2.9535078139910858,2.079604500862407,2.1660239345672014,6,7,4,8,25,2.3590374875046427,2.674441980418833,1.9552105932797403,1.7745191621089866,8,10,12,10,40
d:\New folder\project\results\3_layer\upper\r80\t2.4\t2.4_220_grid3.cif,2.262542385320465,2.8875168540880476,2.0820073952241316,2.620778144862517,2,2,2,4,10,2.0833073192048515,2.6725609361140164,3.0,2.557553559911188,2,2,0,2,6
d:\New folder\project\results\3_layer\upper\r80\t2.4\t2.4_280_grid1.cif,2.262542385320465,2.8875168540880476,2.0820073952241316,2.620778144862517,2,2,2,4,10,2.4253882762958665,2.8076454394693466,2.2680565130429837,2.1793701139938033,6,8,13,13,40
d:\New folder\project\results\3_layer\upper\r80\t2.4\t2.4_320_grid2.cif,2.3100552754771635,3.045887901502152,2.437549053585598,2.617595897080446,4,1,2,5,12,3.0,2.910007840128965,2.520589367807144,2.7408942995469783,0,2,4,1,7
d:\New folder\project\results\3_layer\upper\r80\t3.6\t3.6_220_grid1.cif,2.162046776581551,3.1331460306275787,2.2938718341022164,2.768747461234698,2,2,4,3,11,2.358236783834544,2.5265147427943173,2.3725201344694575,2.4372121947509298,11,8,14,15,48
d:\New folder\project\results\3_layer\upper\r80\t3.6\t3.6_280_grid0.cif,2.162046776581551,3.1331460306275787,2.41772744357785,2.768747461234698,2,2,2,3,9,2.2656889359830332,2.6738991924703264,2.017717018346307,2.0714640644088638,8,2,10,5,25
d:\New folder\project\results\3_layer\upper\r80\t3.6\t3.6_280_grid1.cif,2.162046776581551,3.1331460306275787,2.41772744357785,2.768747461234698,2,2,2,3,9,2.2928702542245416,2.7807174453722814,2.194583578362738,2.3478645826630684,14,8,8,22,52
d:\New folder\project\results\3_layer\upper\r80\t3.6\t3.6_320_grid0.cif,2.1048046286531292,2.875174898063802,2.1086034176496984,2.7532215981620625,2,2,2,3,9,2.4143894162978325,3.0,2.098707309425424,3.0,1,0,2,0,3
d:\New folder\project\results\3_layer\upper\r160\t0\t0_340_grid3.cif,2.3495784883476536,2.836381439908412,2.359859708695232,3.0,6,2,6,0,14,2.3746298303859374,3.0,2.5140396628464687,1.8900239345449623,2,0,2,2,6
d:\New folder\project\results\3_layer\upper\r180\t2.4\t2.4_320_grid1.cif,2.185838631245275,2.717196841084622,2.2158440206647407,1.7732302142017178,1,2,5,2,10,3.0,2.5802021365514722,3.0,1.7928912978938103,0,2,0,2,4
d:\New folder\project\results\3_layer\upper\r200\t0\t0_80_grid2.cif,2.2876252702140705,2.739052498705574,2.543116445263406,2.1641569332450126,6,2,4,2,14,3.0,3.0,2.159296320313718,3.0,0,0,2,0,2
d:\New folder\project\results\3_layer\upper\r200\t0\t0_80_grid3.cif,2.2876252702140705,2.739052498705574,2.543116445263406,2.1641569332450126,6,2,4,2,14,2.442691068515732,2.9009104284530256,2.2730130380848146,2.409269388681034,4,2,6,1,13
d:\New folder\project\results\3_layer\upper\r200\t0\t0_220_grid0.cif,2.2876252702140705,2.739052498705574,2.543116445263406,2.1641569332450126,6,2,4,2,14,2.374507675439097,2.583518394523325,2.2515716646391044,2.169585116199836,7,11,12,21,51
d:\New folder\project\results\3_layer\upper\r200\t0\t0_220_grid1.cif,2.2876252702140705,2.739052498705574,2.543116445263406,2.1641569332450126,6,2,4,2,14,2.170858274415009,3.0,2.709296848875625,2.6149452975123815,2,0,2,2,6
d:\New folder\project\results\3_layer\upper\r200\t0\t0_320_grid1.cif,2.2876252702140705,2.739052498705574,2.543116445263406,2.1641569332450126,6,2,4,2,14,2.156353901191554,3.0,2.1809883106721495,3.0,2,0,2,0,4
d:\New folder\project\results\3_layer\upper\r200\t0\t0_340_grid1.cif,2.2876252702140705,2.739052498705574,2.543116445263406,2.1641569332450126,6,2,4,2,14,2.1606293874083544,3.0,2.2696315113827428,3.0,2,0,2,0,4
d:\New folder\project\results\3_layer\upper\r200\t4.8\t4.8_220_grid2.cif,2.3360515924072303,2.787072686969604,1.9076880002504528,2.4352784669128322,4,2,2,2,10,2.36632070641112,2.5160106890173313,2.403485994985962,2.3590126168788386,8,11,11,20,50
d:\New folder\project\results\3_layer\upper\r200\t4.8\t4.8_320_grid2.cif,2.3360515924072303,2.787072686969604,1.9076880002504528,2.4352784669128322,4,2,2,2,10,2.3121734517358803,2.6217023623820896,2.3505419341323197,2.378167774945512,14,13,13,17,57
d:\New folder\project\results\3_layer\upper\r200\t4.8\t4.8_340_grid2.cif,2.3830929578834863,2.9362171828020442,2.3163091703952667,2.3843583562636614,8,5,7,10,30,2.3027969845802296,2.7971246647859394,2.1456575390324724,2.260665640387644,10,7,14,11,42
d:\New folder\project\results\3_layer\upper\r200\t4.8\t4.8_340_grid3.cif,2.0155574989029295,2.7961768107273706,1.850550356519809,2.5276954498184727,4,2,2,2,10,2.1355042187838946,2.9542379689835307,2.2757214214769323,2.5619859434968544,4,5,9,7,25
d:\New folder\project\results\3_layer\upper\r200\t4.8\t4.8_340_grid4.cif,2.3124926854473435,2.765080364502115,2.389129003622096,1.6802451924926012,6,2,4,4,16,2.380210248508133,2.785891330711825,2.012203089114762,2.3618342426376633,9,9,9,19,46
d:\New folder\project\results\3_layer\upper\r200\t8.4\t8.4_220_grid1.cif,2.246156459208665,2.7482829261946997,2.6509433059486307,2.169231201687981,4,2,4,2,12,2.100112377021423,3.0,3.0,3.0,2,0,0,0,2
d:\New folder\project\results\3_layer\upper\r200\t9.6\t9.6_80_grid1.cif,2.2193542178278967,2.7515461458339603,2.528464992428837,2.3541487457953685,6,2,4,3,15,3.0,3.0,2.1393291708779723,3.0,0,0,2,0,2
d:\New folder\project\results\3_layer\upper\r200\t9.6\t9.6_220_grid1.cif,2.4125836685586552,2.8349750049904836,2.449395700610724,2.4302307380433366,4,2,2,4,12,2.3185317587629877,3.0,3.0,3.0,2,0,0,0,2
d:\New folder\project\results\3_layer\upper\r200\t9.6\t9.6_220_grid2.cif,2.4125836685586552,2.8349750049904836,2.449395700610724,2.4302307380433366,4,2,2,4,12,2.3452305937089077,2.52142133288108,2.3618446405849034,2.2988696091034684,4,11,10,22,47
d:\New folder\project\results\3_layer\upper\r200\t9.6\t9.6_280_grid0.cif,2.2193542178278967,2.7515461458339603,2.528464992428837,2.3541487457953685,6,2,4,3,15,2.288119189238422,2.8898317834890594,2.232317389845766,2.4371401716767833,9,2,12,2,25
d:\New folder\project\results\3_layer\upper\r200\t9.6\t9.6_280_grid1.cif,2.4125836685586552,2.8349750049904836,2.449395700610724,2.4302307380433366,4,2,2,4,12,2.3195546047890643,3.0,3.0,2.7727667104933174,2,0,0,2,4
d:\New folder\project\results\3_layer\upper\r200\t9.6\t9.6_320_grid0.cif,2.4125836685586552,2.8349750049904836,2.449395700610724,2.4302307380433366,4,2,2,4,12,2.314991094153322,3.0,3.0,3.0,2,0,0,0,2
d:\New folder\project\results\3_layer\upper\r200\t9.6\t9.6_340_grid0.cif,2.4125836685586552,2.8349750049904836,2.449395700610724,2.4302307380433366,4,2,2,4,12,2.317856802070188,3.0,3.0,3.0,2,0,0,0,2
d:\New folder\project\results\3_layer\upper\r200\t9.6\t9.6_340_grid1.cif,2.4125836685586552,2.8349750049904836,2.449395700610724,2.4302307380433366,4,2,2,4,12,2.415499599824445,3.0,2.450796425177027,2.04065343240662,6,0,6,2,14
d:\New folder\project\results\3_layer\upper\r200\t9.6\t9.6_340_grid2.cif,2.2193542178278967,2.7515461458339603,2.528464992428837,2.3541487457953685,6,2,4,3,15,2.4998597049315454,3.0,2.133113494165592,3.0,1,0,2,0,3
d:\New folder\project\results\3_layer\upper\r220\t0\t0_220_grid1.cif,2.3375354064992813,2.8895664031379606,2.4664567470016117,2.566212493798751,4,2,2,4,12,2.300604128095196,3.0,3.0,3.0,2,0,0,0,2
d:\New folder\project\results\3_layer\upper\r220\t0\t0_280_grid0.cif,2.3375354064992813,2.8895664031379606,2.4664567470016117,2.566212493798751,4,2,2,4,12,2.3846537410415203,2.7815235659151147,2.019019873526766,2.125478787716537,12,14,17,17,60
d:\New folder\project\results\3_layer\upper\r220\t0\t0_320_grid3.cif,2.3375354064992813,2.8895664031379606,2.4664567470016117,2.566212493798751,4,2,2,4,12,2.2962783806727773,3.0,3.0,3.0,2,0,0,0,2
d:\New folder\project\results\3_layer\upper\r220\t2.4\t2.4_320_grid2.cif,2.1467823264734034,2.7821093134275827,2.2740031660748676,2.138541883142211,3,2,3,4,12,3.0,2.5345040756714052,3.0,1.7824671778331944,0,2,0,2,4
d:\New folder\project\results\3_layer\upper\r220\t2.4\t2.4_340_grid2.cif,2.1467823264734034,2.7821093134275827,2.2740031660748676,2.138541883142211,3,2,3,4,12,3.0,2.236972539846435,3.0,1.786916189958569,0,2,0,2,4
d:\New folder\project\results\3_layer\upper\r220\t7.2\t7.2_340_grid0.cif,2.3596614375988816,2.9772503661562966,2.6022231815882284,2.4608592326929055,6,4,4,4,18,2.3785212566223817,3.0,2.3024347111247074,0.9781961498388065,6,0,5,2,13
d:\New folder\project\results\3_layer\upper\r220\t8.4\t8.4_320_grid1.cif,3.0,3.007728129134537,2.1125211519219533,2.281897773895939,0,2,2,2,6,2.38420154221664,2.8230953886726238,2.1822839172294684,2.2671272075574818,20,8,8,19,55
d:\New folder\project\results\3_layer\upper\r260\t4.8\t4.8_220_grid1.cif,2.32683460282244,3.0,2.638479976570551,2.5357782236389133,2,0,4,1,7,2.3580798729112145,3.0,3.0,3.0,2,0,0,0,2
d:\New folder\project\results\3_layer\upper\r260\t4.8\t4.8_280_grid3.cif,2.3515590235752413,2.908804011874366,2.057229257324067,2.158693753253004,12,3,10,10,35,2.369375972045799,2.949982709889812,2.6124595968495323,1.8973174721430917,5,5,6,9,25
d:\New folder\project\results\3_layer\upper\r260\t4.8\t4.8_340_grid1.cif,2.32683460282244,3.0,2.638479976570551,2.5357782236389133,2,0,4,1,7,2.3363927895104557,3.0,3.0,2.59934101623572,2,0,0,2,4
d:\New folder\project\results\3_layer\upper\r260\t4.8\t4.8_340_grid4.cif,2.251108603345413,2.8886027637005736,2.384160685205327,2.5200115447875504,6,3,3,6,18,2.3240261773410973,2.6796519466043334,2.3065707858417306,2.3147298005667065,8,5,7,17,37
d:\New folder\project\results\3_layer\upper\r260\t7.2\t7.2_320_grid2.cif,2.4242017481592866,3.0,2.6541071196029056,2.619370117145338,2,0,4,2,8,2.3734757583613,2.562676919990942,2.5372591386318053,2.7509674505109176,2,2,2,2,8
d:\New folder\project\results\3_layer\upper\r260\t7.2\t7.2_340_grid2.cif,2.4242017481592866,3.0,2.6541071196029056,2.619370117145338,2,0,4,2,8,2.3884594239449015,2.66307746701444,2.504732155427673,3.0,4,2,2,0,8
d:\New folder\project\results\3_layer\upper\r280\t0\t0_220_grid0.cif,2.394406571936887,3.0,2.651468340423924,3.0,8,0,4,0,12,2.2872406062627255,3.0,3.0,3.0,2,0,0,0,2
d:\New folder\project\results\3_layer\upper\r280\t0\t0_280_grid0.cif,2.394406571936887,3.0,2.651468340423924,3.0,8,0,4,0,12,2.283144533310743,3.0,3.0,3.0,2,0,0,0,2
d:\New folder\project\results\3_layer\upper\r280\t4.8\t4.8_220_grid1.cif,1.9804958071636451,3.0,2.7793170435806633,2.7361473582785893,2,0,2,4,8,2.1344962276466144,2.9185794115152155,2.0902641165391,1.9569062254267404,6,6,3,8,23
d:\New folder\project\results\3_layer\upper\r280\t4.8\t4.8_340_grid1.cif,2.0407320773050466,2.7650237095870076,2.436673100810515,1.8180650974095207,4,2,2,2,10,1.9884683318014975,2.270803499578144,0.9901918114798405,2.1024269348777387,4,2,2,2,10
d:\New folder\project\results\3_layer\upper\r280\t7.2\t7.2_220_grid3.cif,2.322658827072484,3.0383927120327874,2.3121689768469222,2.423642447274684,2,2,2,4,10,2.3705878352490632,2.491406012714549,2.46418741788636,2.2651943662116696,11,12,7,28,58
d:\New folder\project\results\3_layer\upper\r280\t7.2\t7.2_320_grid1.cif,2.322658827072484,3.0383927120327874,2.3121689768469222,2.336682265161331,2,2,2,2,8,2.307258152854115,2.5695423117474245,3.0,2.3370377653894687,2,2,0,2,6
d:\New folder\project\results\3_layer\upper\r280\t7.2\t7.2_340_grid1.cif,2.322658827072484,3.0383927120327874,2.3121689768469222,2.336682265161331,2,2,2,2,8,2.307675101421992,3.0,3.0,3.0,2,0,0,0,2
d:\New folder\project\results\3_layer\upper\r320\t4.8\t4.8_220_grid2.cif,2.4201948759957337,3.0,2.4204317182130533,2.5757694737087857,2,0,1,4,7,2.40384662081743,3.0,3.0,3.0,2,0,0,0,2
d:\New folder\project\results\3_layer\upper\r320\t4.8\t4.8_320_grid1.cif,2.4201948759957337,3.0,2.4204317182130533,2.5757694737087857,2,0,1,4,7,2.4366444963321245,3.0,2.4796758904131417,3.0,1,0,2,0,3
d:\New folder\project\results\3_layer\upper\r320\t6.0\t6.0_220_grid2.cif,2.415409949212175,3.0,2.7169391211788865,2.504828945434442,2,0,2,4,8,2.4146812036269987,3.0,3.0,3.0,2,0,0,0,2
d:\New folder\project\results\3_layer\upper\r320\t6.0\t6.0_280_grid1.cif,2.415409949212175,3.0,2.7169391211788865,2.504828945434442,2,0,2,4,8,2.383447818210089,2.7493855247387833,2.289711807382649,2.316792969241362,10,13,13,22,58
d:\New folder\project\results\3_layer\upper\r320\t6.0\t6.0_280_grid2.cif,2.415409949212175,3.0,2.7169391211788865,2.504828945434442,2,0,2,4,8,2.4117996962002817,3.0,3.0,3.0,2,0,0,0,2
d:\New folder\project\results\3_layer\upper\r320\t6.0\t6.0_280_grid3.cif,2.415409949212175,3.0,2.7169391211788865,2.504828945434442,2,0,2,4,8,2.417425665881055,3.0,3.0,3.0,2,0,0,0,2
d:\New folder\project\results\3_layer\upper\r320\t6.0\t6.0_340_grid3.cif,2.415409949212175,3.0,2.7169391211788865,2.504828945434442,2,0,2,4,8,2.4118624886523676,3.0,3.0,3.0,1,0,0,0,1
d:\New folder\project\results\3_layer\upper\r340\t3.6\t3.6_320_grid3.cif,2.2452843773058873,2.7788079060670228,2.462957959288244,1.8235691843656818,2,2,2,2,8,3.0,2.699021059636633,3.0,1.8283467965228213,0,2,0,2,4
d:\New folder\project\results\3_layer\upper\r340\t4.8\t4.8_80_grid2.cif,2.0161754581762383,2.811809921273025,2.3296698919414442,2.011451762684729,6,2,4,4,16,2.2921911359763008,2.865889994896303,2.0869169015994045,2.224133140251953,17,14,18,22,71
d:\New folder\project\results\3_layer\upper\r340\t4.8\t4.8_220_grid0.cif,1.9733027134820131,2.8651816463141087,2.5160987960184125,2.041843386073531,2,2,4,2,10,3.0,3.0,1.974149388104868,2.6512569859160866,0,0,2,2,4
d:\New folder\project\results\3_layer\upper\r340\t4.8\t4.8_320_grid0.cif,1.890388823167605,2.811809921273025,2.6602590131876713,1.99491905822108,2,2,4,2,10,2.1540622759056145,2.7194897546911303,2.800646044225153,2.105571746424475,4,2,2,2,10
d:\New folder\project\results\3_layer\upper\r340\t6.0\t6.0_80_grid0.cif,2.2471049710414293,2.891995477221062,2.450203313819241,2.0661650793806094,4,2,4,2,12,2.181630498517904,3.0,3.0,2.7808635761263893,4,0,0,2,6
d:\New folder\project\results\3_layer\upper\r340\t6.0\t6.0_80_grid2.cif,2.4444516724936904,3.0048072222369924,2.4212835085669853,2.401714348560269,3,6,9,6,24,2.232769866604701,2.9742977778033968,1.9463992078772332,1.8844359569794016,14,9,12,12,47
d:\New folder\project\results\3_layer\upper\r340\t6.0\t6.0_80_grid3.cif,2.2375068605518367,2.8130996426094583,2.567609643060136,1.993506757175621,5,2,4,2,13,2.3436961085125154,3.0976255771948535,1.9215704529219702,2.5377787358026263,2,2,2,4,10
d:\New folder\project\results\3_layer\upper\r340\t6.0\t6.0_80_grid4.cif,2.2375068605518367,2.8130996426094583,2.567609643060136,1.993506757175621,5,2,4,2,13,2.2042859101298142,3.0,3.0,2.7504520544430884,4,0,0,1,5
d:\New folder\project\results\3_layer\upper\r340\t6.0\t6.0_280_grid0.cif,2.4426022777494323,2.753182603602576,3.0,1.7916788467651226,2,2,0,2,6,3.0,3.0,3.0,3.0,0,0,0,0,0
d:\New folder\project\results\3_layer\upper\r340\t6.0\t6.0_320_grid0.cif,2.4426022777494323,2.753182603602576,3.0,1.7916788467651226,2,2,0,2,6,3.0,3.0,3.0,3.0,0,0,0,0,0
d:\New folder\project\results\3_layer\upper\r340\t6.0\t6.0_320_grid3.cif,2.4426022777494323,2.753182603602576,3.0,1.7916788467651226,2,2,0,2,6,2.443584579564681,2.901955272339537,2.3424434925989903,2.3973638571883806,8,5,8,9,30
d:\New folder\project\results\3_layer\upper\r340\t6.0\t6.0_340_grid1.cif,2.4426022777494323,2.753182603602576,3.0,1.7916788467651226,2,2,0,2,6,2.3343353558858118,2.557013296663807,2.217363936287386,2.276365468999218,12,12,18,11,53
d:\New folder\project\results\3_layer\upper\r340\t6.0\t6.0_340_grid3.cif,2.4426022777494323,2.753182603602576,3.0,1.7916788467651226,2,2,0,2,6,2.275940938128426,2.901955272339537,2.2931994757718135,2.33833077363239,10,5,10,11,36
